id	token	count
148480	καὶ	289209
148481	 οὐδὲ	73924
148482	 φη	2168
148483	 ἦν	108998
148484	τῶν	84825
148485	μέ	16751
148486	 ταῦτα	101933
148487	ρὸς	25441
148488	 παρὰ	98106
148489	αὐ	19749
148490	 οὗ	47226
148491	ὶν	13379
148492	 οἷ	10761
148493	 δὴ	89077
148494	ἔ	57700
148495	 ταῖς	87166
148496	 πᾶ	1862
148497	ῆναι	21671
148498	οὐ	38613
148499	 ἐστιν	82097
148500	ίας	68868
148501	τὸν	58827
148502	 ἐστ	5061
148503	εἰ	42724
148504	 ὧ	4098
148505	 ἐστι	74355
148506	τὸ	68082
148507	 αὐτοῖς	73920
148508	τὴν	69763
148509	 ἐκεί	3675
148510	τῳ	40471
148511	όν	46317
148512	ρῶν	39486
148513	 οὕτως	70360
148514	εῖν	38421
148515	θαι	14441
148516	 πά	19411
148517	ὕ	10605
148518	ὁ	64072
148519	ἄ	39833
148520	ᾷ	39428
148521	 ἡμῖν	65279
148522	 νῦν	65250
148523	 ἀγα	9724
148524	τῆς	60653
148525	 ἐς	64641
148526	 ὧν	64339
148527	ἡ	40203
148528	ῖον	34238
148529	 οὐχ	51290
148530	 ἵνα	62639
148531	σῃ	46160
148532	ᾶλλον	748
148533	 αὐτὸς	62187
148534	ὖ	6038
148535	 δʼ	61762
148536	ίαν	45628
148537	 τιν	4572
148538	ἐν	61260
148539	 ἑαυτ	6210
148540	ὲρ	1821
148541	 οὕτω	60482
148542	 ἐπε	27879
148543	 οὔτε	59717
148544	 ᾿	59632
148545	 ἥ	34514
148546	ἶ	6309
148547	 Οὐ	35191
148548	 μᾶλλον	56258
148549	 ὥσπερ	56166
148550	 ἡμᾶς	56032
148551	ὅ	25926
148552	ρί	24002
148553	ρὸν	34121
148554	 ὑπὲρ	54759
148555	ῆσαι	38614
148556	 σὺ	24646
148557	ῥ	12092
148558	Καὶ	52452
148559	 οἶ	12857
148560	λεῖ	20012
148561	 χρ	21672
148562	δὴ	5869
148563	 αὐτοὺς	51474
148564	ίοις	35075
148565	ῆν	16495
148566	 φησ	211
148567	 ἔτι	49766
148568	ὲν	9588
148569	 μέ	28104
148570	Ἐ	22309
148571	 ἐλ	10099
148572	 ἐφ	40209
148573	 αὐτῆς	49251
148574	σοῦ	8911
148575	 δεῖ	42182
148576	 Εἰ	43273
148577	 οὐδὲν	48605
148578	 ἐγ	12826
148579	ασθαι	1071
148580	 μηδὲ	26115
148581	ἴ	11063
148582	 ἔχ	6681
148583	 πρῶ	4658
148584	 γάρ	47214
148585	τῷ	33235
148586	 ἡμέ	9280
148587	 ἀφ	38255
148588	 Ῥ	11037
148589	 πάλιν	46062
148590	ροῦ	27317
148591	 ὑπερ	38234
148592	 υἱ	9979
148593	 ἔν	18344
148594	λλὰ	2744
148595	 ὦ	42103
148596	θῆναι	41215
148597	 Υἱ	2414
148598	νην	28522
148599	ῤ	2858
148600	 ἁμαρ	12645
148601	σθη	23780
148602	τὰ	40562
148603	 Θεὸς	43023
148604	 αὐτὴν	42985
148605	ός	30551
148606	 σοι	42645
148607	 λέ	16833
148608	 ἄλλο	25854
148609	 οὐραν	13602
148610	 ὥστε	41572
148611	 ὠ	23272
148612	σται	10544
148613	 τοια	2878
148614	τῃ	23536
148615	 ἑαυτο	279
148616	 πῶς	40782
148617	 ἀγαθ	12408
148618	ῤῥ	25801
148619	μένην	38029
148620	ἐπ	21081
148621	εὶ	8164
148622	θεῖν	15694
148623	μεῖς	7526
148624	 ἁγ	15460
148625	 αὐτὸ	39746
148626	πεῖν	9661
148627	ῦμα	4580
148628	ῦς	22622
148629	θεὶς	35794
148630	σαντες	35748
148631	 ἀνθρώπ	3445
148632	τοῖς	32558
148633	σατο	30367
148634	 ἱερ	23191
148635	Ἀ	32139
148636	ὴρ	10449
148637	ὴς	34601
148638	ία	29947
148639	ιοῦ	7339
148640	 πολλο	1252
148641	 ἧ	9259
148642	 μέν	19957
148643	εσθαι	24105
148644	 ἤδη	36761
148645	ρῶ	19523
148646	πειδὴ	388
148647	μένοις	31193
148648	θέ	26090
148649	 πρὸ	36085
148650	τέ	19425
148651	ὡ	3924
148652	"·
"	35810
148653	 τού	2941
148654	ὼς	17963
148655	 ἀνδ	12851
148656	 ἐμ	15591
148657	 ἀπε	32936
148658	 ἣ	5600
148659	 ἀδελ	7561
148660	 οἴ	23341
148661	 ἀληθ	8164
148662	 ἄρα	34539
148663	 οὐδ	28251
148664	γὰρ	33490
148665	έναι	16422
148666	 ἔστι	33321
148667	 γῆς	33127
148668	ῶμα	4956
148669	ἂν	13928
148670	ὗ	2893
148671	ἑ	22516
148672	 ἐπεὶ	32376
148673	 οἷον	32339
148674	 βασιλε	8957
148675	 λόγον	32238
148676	νεῦμα	1307
148677	 ἃ	25443
148678	 οὗτος	32117
148679	 Χριστοῦ	32011
148680	 τοῦτον	32001
148681	 Αἰ	15232
148682	ᾶν	25267
148683	ὡς	31977
148684	 οἷς	31713
148685	 ἔφη	31631
148686	ίνυν	2525
148687	 εἰσ	15940
148688	ξιν	22131
148689	 ὅταν	31364
148690	νοις	18717
148691	 ἔχειν	31206
148692	 ἔστιν	31150
148693	 αὑ	9971
148694	 μὴν	31115
148695	 ὁμο	22136
148696	τοὺς	26668
148697	ουσι	22459
148698	ικὸν	30672
148699	 ἀρετ	4880
148700	 ἀπέ	30427
148701	σίαν	18432
148702	 τινα	30214
148703	 ἐγὼ	30177
148704	 ἐστὶ	30168
148705	 αἴ	12551
148706	ρό	20193
148707	 ἀνθ	4134
148708	 ἄλλων	29757
148709	ίων	29691
148710	 τούτοις	29598
148711	ίᾳ	29565
148712	νοῦ	23774
148713	 ᾧ	29458
148714	 ἣν	29444
148715	 ἐστὶν	29368
148716	 πρῶτον	29367
148717	 λό	7157
148718	μὲν	29140
148719	ἀν	14495
148720	 τοίνυν	29050
148721	 ἅμα	28984
148722	 σὺν	28931
148723	μά	13801
148724	 δῆ	6183
148725	 ἀεὶ	28706
148726	 λέγει	28667
148727	τοις	19459
148728	 αὖ	13782
148729	 εὑ	16594
148730	ἐκ	28046
148731	 ὑμῶν	28007
148732	ίῳ	23908
148733	 ἐπισ	15848
148734	 Θεὸν	27762
148735	ίου	25222
148736	 ἔσται	27704
148737	εἰς	27675
148738	ῦθα	2066
148739	 εἰπεῖν	27592
148740	 ἄρ	20071
148741	 ἑκά	10476
148742	 Ἰη	1044
148743	 εἴη	27025
148744	ρῳ	24454
148745	ξαι	20814
148746	ῖα	17906
148747	 τοιοῦ	5484
148748	σασθαι	24657
148749	πρὸς	26735
148750	 ταύτην	26698
148751	"·
"	26665
148752	εἶ	12003
148753	 αὐτῇ	26622
148754	κοῦ	16704
148755	μένον	23718
148756	 ἀνε	23565
148757	 ἕκα	1981
148758	λοῦ	18117
148759	ρὶ	8148
148760	 ἄλλ	5516
148761	 ὑμῖν	25988
148762	μῶν	12895
148763	 ἑαυτοῦ	25908
148764	ὀ	23605
148765	 σῶμα	25774
148766	ῆλ	2159
148767	 ὁρ	22244
148768	στερον	10709
148769	 ἔργ	421
148770	χον	17933
148771	ρηται	11915
148772	 Ῥωμα	3595
148773	 πολλὰ	25245
148774	 ἀρ	25180
148775	 ὅσα	25133
148776	ῖται	21088
148777	ροις	16925
148778	 Ἰουδα	8647
148779	 Θεῷ	24794
148780	 ἀκού	17952
148781	λοις	18626
148782	 εἶπεν	24665
148783	 κἀ	8713
148784	 ἔλε	2258
148785	̓	15028
148786	 λοιπ	3256
148787	ρᾳ	14198
148788	ρά	19192
148789	 ὃν	24107
148790	 ὀλί	11615
148791	 ἀπα	17841
148792	όμενον	19544
148793	 ἐὰν	23892
148794	μένῳ	23859
148795	 πόλιν	23760
148796	ίᾳ	23640
148797	 ἄλ	4525
148798	ἀλλ	18972
148799	 ψυχῆς	23487
148800	πὸ	4747
148801	 ἀνέ	23454
148802	 ὀφ	5051
148803	άρ	10288
148804	 ἀνθρώπων	23369
148805	 ὅτε	23122
148806	 γῆν	23111
148807	ρεῖν	19486
148808	νοιαν	15261
148809	 ἐπειδὴ	22957
148810	τῇ	22956
148811	 λέγων	22921
148812	 ἐχ	7970
148813	κις	4706
148814	 μό	12396
148815	ἀπο	22849
148816	νῳ	10748
148817	 ὅπερ	22742
148818	 γενέσθαι	22622
148819	ῖος	17424
148820	Ὁ	22580
148821	 εἰρη	14119
148822	ήν	19701
148823	 φησιν	22528
148824	 φύσιν	22513
148825	λέως	3602
148826	 δέ	22448
148827	ρώ	10842
148828	 λέγειν	22308
148829	 ἐντα	2177
148830	ῴ	11756
148831	 ποιεῖ	14055
148832	 ἔχων	22105
148833	 ὃς	22096
148834	 τούτῳ	22070
148835	διον	12821
148836	 πολὺ	17559
148837	 μηδὲν	21988
148838	κατὰ	21927
148839	Εἰ	14733
148840	 πᾶν	21855
148841	ταῖς	13358
148842	ῖοι	10338
148843	 χεῖ	4354
148844	μοὶ	9269
148845	 πᾶσαν	21760
148846	ττον	10799
148847	 μήτε	21695
148848	ὕτη	4904
148849	λεῖν	18805
148850	 ἄνω	13897
148851	ῆσθαι	11617
148852	 πρότερον	21262
148853	 αὐτὰ	21254
148854	 ποτ	7767
148855	μὴ	21159
148856	ὅτι	21133
148857	ικὴν	21097
148858	ῦσι	21095
148859	εὐ	21023
148860	 Ἰησοῦ	12868
148861	 ἄνθρωπος	20895
148862	 ὑμᾶς	20868
148863	 γοῦν	20833
148864	 τί	17088
148865	 ἀντὶ	20826
148866	σῳ	12696
148867	οὐκ	20750
148868	 γέ	16273
148869	θρωπον	4346
148870	 δύ	2138
148871	 ἐντ	14590
148872	ἀλλὰ	20536
148873	γειν	9437
148874	ῦσιν	20498
148875	ῆμα	8169
148876	ῖσθαι	17871
148877	Ἰ	14870
148878	διὰ	20337
148879	 ἀμφ	12282
148880	 ἡμεῖς	20266
148881	ίν	9159
148882	 ἅπαν	5473
148883	 ἑαυτὸν	20160
148884	 ἑν	4249
148885	 αἰῶ	459
148886	σιον	16586
148887	ἢ	20121
148888	 ἐνταῦθα	20104
148889	ῦσαι	20100
148890	 ἔξω	13109
148891	Οὐ	15319
148892	 ἀναγκα	12555
148893	 εὔ	19956
148894	 ὄντα	19930
148895	ρῷ	14184
148896	 σοφ	17349
148897	ἁ	11272
148898	σαντος	16751
148899	 ἐπα	19792
148900	 ποτε	19730
148901	 οἰκ	8892
148902	ἀνα	17223
148903	 βασιλεὺς	19608
148904	γένετο	4116
148905	 ἐπέ	19601
148906	οἱ	19592
148907	 ἐπιστ	12646
148908	 ἧς	19495
148909	κεί	5258
148910	ποις	9089
148911	θὼν	7235
148912	 ἄλλα	19419
148913	 ταύτης	19388
148914	 Τὸ	19367
148915	 εἰκό	7614
148916	ῦντας	19302
148917	 ἀσ	7518
148918	 αὐτόν	19271
148919	Περὶ	19262
148920	γαγ	7232
148921	 Τοῦ	8442
148922	 φησί	19126
148923	μένων	19103
148924	\xb7ς	43
148925	ἐπὶ	19082
148926	λως	6109
148927	 καθά	4088
148928	 ἀδελφ	8436
148929	αὐτοῦ	18971
148930	 ἡγε	9501
148931	θῇ	16666
148932	εῖς	18907
148933	 κἂν	18907
148934	 ὄνομα	18889
148935	 θεοῦ	18882
148936	 βασιλέως	18848
148937	ντος	4094
148938	ῶσιν	11289
148939	ρὰ	15644
148940	ικῶς	18740
148941	 ὑπό	16354
148942	 ἐκείνου	18672
148943	 φύ	2479
148944	 τό	11523
148945	δέ	15897
148946	μῳ	15597
148947	ρέ	18560
148948	 ἕως	18548
148949	 αἰτ	6420
148950	 ὤ	12418
148951	 τοιού	3091
148952	 ὀφθαλ	9092
148953	 ὅσον	18353
148954	",


"	18323
148955	 ἕτερον	18267
148956	 ἄρχ	7790
148957	 ἓ	271
148958	λιον	10161
148959	κό	14844
148960	ῃς	18124
148961	ταις	15670
148962	ζειν	18092
148963	οις	9952
148964	 τρόπον	18011
148965	τὰς	18007
148966	 Πνεῦμα	17970
148967	 ὢ	1077
148968	θήσεται	17960
148969	Θεο	3690
148970	 πό	17836
148971	 παντὸς	17812
148972	ῄ	12867
148973	πεὶ	579
148974	 ἐναντ	12025
148975	γιον	5311
148976	δεὶς	6363
148977	ισι	15056
148978	ῦντες	17660
148979	\x93ς	2081
148980	 οἰκο	6856
148981	 ᾗ	17504
148982	 ἀντι	17499
148983	 παῖ	2342
148984	τιον	8815
148985	θὺς	2724
148986	πῳ	8821
148987	\xaeχος	2225
148988	δωρ	2052
148989	 γν	2184
148990	 ἔχο	3419
148991	ψας	17272
148992	πά	13312
148993	γὼ	1921
148994	σθω	13698
148995	 λόγῳ	17157
148996	 τέ	14160
148997	σεσθαι	9593
148998	ρίαν	17088
148999	περὶ	17052
149000	θις	2288
149001	ῦντος	17033
149002	 τινος	17026
149003	 φησὶν	17021
149004	τέον	14348
149005	 μέντοι	17012
149006	 τοιαῦτα	16985
149007	 ἐπιβ	10480
149008	 φησίν	16905
149009	θειαν	10066
149010	ὄ	16886
149011	ὕτω	93
149012	 ὢν	16885
149013	 πάντας	16870
149014	 ὀρθ	9971
149015	λῳ	13157
149016	 Κύ	650
149017	 ἑτέρ	1220
149018	 ἦσαν	16741
149019	τοῦτο	16733
149020	όμενον	16708
149021	 ἐνεργ	10105
149022	 αὕτη	16652
149023	 τοιαύ	4353
149024	 πολλῶν	16608
149025	 ποιεῖν	16595
149026	ῆθος	2064
149027	 δύναμιν	16532
149028	 αὐτοὶ	16486
149029	δὸν	4359
149030	σρα	2535
149031	 ἐγκ	16384
149032	 ἀρχὴν	16379
149033	 ἁπλ	5272
149034	νεσθαι	7432
149035	 ἐκκλη	7687
149036	σαντα	16349
149037	ῦσα	13664
149038	 ἀκ	11810
149039	 τινὰ	16343
149040	 γί	2688
149041	 Πατρὸς	16281
149042	 ἄνθρωπον	16273
149043	 γυναῖ	671
149044	ξατο	13999
149045	νηται	7287
149046	 πόλεως	16190
149047	ψαι	16181
149048	 Περὶ	16162
149049	 δοκεῖ	16123
149050	 Ἕ	5622
149051	 ὀργ	9362
149052	ὴλ	8947
149053	ίον	9007
149054	 πρό	11515
149055	αἰ	15960
149056	 ἁρ	6491
149057	 ἐξε	15955
149058	 ὕδα	3589
149059	ρίῳ	9592
149060	 ἀρχῆς	15857
149061	 ϲ	13495
149062	λέ	15779
149063	 καλῶς	15766
149064	χεσθαι	13193
149065	 ἀλη	5960
149066	 τοι	15652
149067	 ἀλλʼ	15647
149068	 φησι	15625
149069	 σοῦ	15599
149070	 σαρκ	5226
149071	ῶμεν	12585
149072	στασιν	10787
149073	 οὗτοι	15557
149074	 οὓς	15549
149075	 εὖ	15521
149076	άμενος	7560
149077	 εἶτα	15498
149078	κὸς	6758
149079	 ἐγένετο	15486
149080	 εἴτε	15425
149081	 Ἀθηνα	6343
149082	 χρὴ	15371
149083	 τινες	15365
149084	 ἓν	15347
149085	 ἐπιτ	12361
149086	ἕ	13000
149087	ὺν	7138
149088	 ἰσχ	8536
149089	 ὕδωρ	15282
149090	 διὸ	15234
149091	 φῶς	15232
149092	 χρόνον	15215
149093	ῦθεν	970
149094	εἴ	15208
149095	τά	12376
149096	 ἐκτ	9828
149097	ίνεσθαι	7769
149098	τʼ	15172
149099	 ἀλλήλ	1291
149100	Ἦχος	15133
149101	ῦρ	2502
149102	σάμενος	15098
149103	 ἀλ	15098
149104	μάτων	15098
149105	 γέγον	172
149106	 ἐνα	10493
149107	κοῦν	6928
149108	 καθάπερ	14948
149109	 ὕστερον	14936
149110	μένας	14935
149111	ρή	11533
149112	σεβε	3713
149113	τεῖ	12544
149114	ξῆς	2057
149115	σαντο	14808
149116	νειν	11277
149117	 ἵπ	4389
149118	ψεν	11819
149119	 αὖθις	14748
149120	ίως	9159
149121	 πᾶσι	14723
149122	 εὐθὺς	14704
149123	 ἐκεῖνος	14700
149124	 Οἱ	14628
149125	ὥ	3468
149126	͵	14607
149127	 ἡμέρας	14595
149128	 νοῦν	14585
149129	 ᾖ	14575
149130	δό	14551
149131	 ἐμοῦ	14545
149132	 ἔκ	14532
149133	 πλῆθος	14523
149134	 ἡδον	7242
149135	ἐξ	14518
149136	 ἐξέ	14464
149137	ʹ	9727
149138	 ὄντων	14439
149139	σομαι	12065
149140	τὸς	6368
149141	πάντων	5124
149142	 τοσοῦ	2436
149143	 ὑπάρχ	6606
149144	ἵ	8154
149145	τό	9916
149146	 ἀμφο	7327
149147	 ἀνθρώ	3954
149148	άρχ	2651
149149	θῶν	8214
149150	ντεῦθεν	5096
149151	πὼν	5241
149152	 ἐκείνων	14187
149153	 Ἐν	14184
149154	νῃ	11203
149155	 ἔργον	14110
149156	 αἰσχ	10340
149157	δίαν	4842
149158	 ποιή	8530
149159	δεῖν	5561
149160	 αἵ	6476
149161	 τοιοῦτον	14031
149162	εῖσθαι	10601
149163	 ψυχὴν	13992
149164	 λέγω	13965
149165	 τούτων	13935
149166	 δῆλον	13920
149167	τεῖν	8395
149168	 λοιπὸν	13885
149169	ότερον	10690
149170	 ὁμοίως	13873
149171	 Ἰσρα	2900
149172	 πολλάκις	13830
149173	ἦ	6385
149174	χεν	5423
149175	ρὶς	4525
149176	τηρ	6820
149177	 ἕνε	132
149178	 ἄλλοις	13708
149179	 πάντα	13686
149180	ξις	11091
149181	 ἕκαστον	13600
149182	 δειν	10450
149183	σωμεν	11345
149184	τητος	9007
149185	 Υἱοῦ	13568
149186	χοῦ	8929
149187	 φρον	10558
149188	 Εἶ	6636
149189	 ποτὲ	13453
149190	 εἴρηται	13448
149191	δῶν	10072
149192	 ταὐ	6023
149193	σαύ	1731
149194	 οἵ	10500
149195	 δυνάμε	4933
149196	εῖται	10570
149197	πται	5966
149198	 δευτ	13339
149199	 δό	4931
149200	 ἀξι	13326
149201	 ἐμφ	8203
149202	 Σωτ	3910
149203	 βίον	13302
149204	 ταῦ	6017
149205	αντες	4089
149206	 εἶπε	13259
149207	 μέγα	13256
149208	 ἐλέ	10318
149209	σὶ	10945
149210	 ταύ	2141
149211	 προφή	5537
149212	κέτι	2155
149213	 ἀνά	6819
149214	 τελευτ	13136
149215	 ὑγ	10735
149216	ειαν	9946
149217	άν	13032
149218	 δόξαν	13031
149219	 Αλλ	13026
149220	 ἄλλως	13010
149221	 ἐπο	10294
149222	 ὅθεν	12993
149223	 ἀριθμ	3914
149224	 ὅλως	12962
149225	 ὀνό	3047
149226	 ἐργ	12937
149227	σῶν	5197
149228	όμενος	12871
149229	 αἰσθη	10545
149230	θην	9262
149231	 βασιλέα	12784
149232	 δοῦ	5741
149233	 ἡμετ	7715
149234	 ἑξῆς	12755
149235	ὕτως	1580
149236	 τούτους	12724
149237	νοίας	12722
149238	ττειν	8321
149239	τί	10069
149240	 ἀργ	9557
149241	 ἀκο	12656
149242	 ἐλά	12643
149243	 πῦρ	12629
149244	 φύσει	12629
149245	ισιν	12606
149246	ῶνα	9303
149247	 τῆ	4041
149248	ησεν	12579
149249	 εἶδος	12569
149250	 εἰσιν	12551
149251	 Χριστὸν	12545
149252	 ἑαυτῷ	12528
149253	μασι	12517
149254	 ἐμοὶ	12497
149255	οὐδὲ	7850
149256	ἅ	9929
149257	 πρᾶ	6142
149258	 ἐπικ	12447
149259	 ἅγιον	12428
149260	 πολεμ	2461
149261	 ὄντος	12415
149262	 πλεῖ	3366
149263	ιστον	8035
149264	 ΑΚΟΥ	106
149265	 ἐπαν	12387
149266	όντων	12370
149267	 ἀλλο	8692
149268	δύ	8424
149269	ῖναι	12309
149270	 ΑΚΟΥΤΕ	12291
149271	 ἰδ	7755
149272	ξῃ	8448
149273	 θεῶν	12259
149274	 ζωῆς	12257
149275	μις	6175
149276	 ταύτῃ	12217
149277	εἶναι	12203
149278	 τροφ	4502
149279	 αὐτό	9594
149280	 οὐδέ	5870
149281	 ἀναι	12187
149282	λείαν	4392
149283	 τυγ	680
149284	 ὑφ	12141
149285	έρα	12136
149286	θή	9008
149287	 ἀπει	12118
149288	ᾶσθαι	12109
149289	ίζειν	12096
149290	Ἡ	12092
149291	ἤ	8689
149292	ἄν	9836
149293	κά	5088
149294	 δυνά	3247
149295	ῶσι	12024
149296	θοῦ	7355
149297	οὖ	2169
149298	σεβ	3945
149299	 τουτέ	1187
149300	 ἀγά	2857
149301	νοιτο	5341
149302	 τοσοῦτον	11940
149303	αῖς	8875
149304	 ἀγγ	7697
149305	μοῖς	8788
149306	 Διὰ	11909
149307	είᾳ	9626
149308	θεσιν	11882
149309	άτων	9384
149310	 ἀδικ	11862
149311	 πᾶσιν	11830
149312	ούσης	11802
149313	 πλὴν	11801
149314	νεύ	3010
149315	 ὁμολογ	11792
149316	 Ὑ	11767
149317	 ἦλ	1023
149318	 ἐκεῖνο	11738
149319	δαιμον	2416
149320	 ἐπιδ	6507
149321	ῖσι	6682
149322	 οὐχὶ	11706
149323	 μίαν	11650
149324	 Χριστὸς	11649
149325	 ἑαυτῶν	11642
149326	 ἐγγ	7655
149327	 ἐκεῖνον	11626
149328	 ὑπάρχ	5394
149329	 μή	7248
149330	 ἐχθ	6582
149331	 πρὶν	11586
149332	ᾶται	11560
149333	ἀπὸ	11514
149334	ἷ	5122
149335	δοῦ	3964
149336	 γῆ	11485
149337	μασιν	11481
149338	 ἀνθρώ	5056
149339	 Ῥωμαίων	11475
149340	 χαλε	8543
149341	ἐπι	11459
149342	 ἔφ	6610
149343	θεῖσα	11440
149344	 ἐπει	7619
149345	ῆρος	5434
149346	 εἰσι	11420
149347	Ὅ	5856
149348	 ἱκαν	7852
149349	 Ἰωάν	1733
149350	 οὐδεν	1456
149351	 οὐδεὶς	11351
149352	μένου	11334
149353	 ἔτη	11319
149354	 δύνα	4498
149355	 ἡμέραν	11297
149356	ῶνος	11280
149357	ωσιν	11253
149358	πό	11228
149359	 πολλοὺς	11208
149360	ταῦτα	11205
149361	 προση	7864
149362	ίῳ	11189
149363	 ἀνὴρ	11167
149364	 ὅλον	11163
149365	μὸς	6752
149366	μεῖν	11158
149367	 Χριστῷ	11148
149368	στῳ	5319
149369	 ἀλή	1666
149370	 ἔργα	11099
149371	 ἄνδρα	11098
149372	 οἳ	11097
149373	 ἁπλῶς	11095
149374	 ἐμπ	11093
149375	δοὺ	2487
149376	 οἶμαι	11088
149377	 πᾶσα	11081
149378	ρίου	5424
149379	μῃ	8620
149380	βεῖν	1126
149381	 ἑνὸς	11042
149382	 ἐκεί	5871
149383	μὴν	11029
149384	οὔ	5261
149385	 λεγο	8176
149386	θὲν	11007
149387	Ἔ	8749
149388	 ὑπέ	10990
149389	Τοῦ	8009
149390	κέναι	10938
149391	 υἱο	3437
149392	ὗτος	52
149393	σαις	10852
149394	ικοῖς	10840
149395	 τρεῖς	10824
149396	 ἀνδρῶν	10821
149397	λις	3077
149398	λειαν	10802
149399	 ἔδει	10801
149400	 ἁγίου	10796
149401	τήν	4251
149402	 οἰκε	4122
149403	 Οὐκ	10778
149404	ἡμ	265
149405	μοὺς	7765
149406	 ἐθν	1651
149407	 σώ	6063
149408	 θεῖον	10701
149409	 καλεῖ	6756
149410	 Τοῦτο	10687
149411	 ἄλλους	10683
149412	 ἱστο	8180
149413	 ἔχου	687
149414	 ἤτοι	10658
149415	 ἀγαθὸν	10652
149416	ὑπο	10650
149417	ναί	6119
149418	ῆλθεν	10618
149419	Αλλὰ	7875
149420	 ἐξα	10600
149421	 ἐποίησε	4538
149422	 σημε	1547
149423	 ἱπ	4516
149424	ητῶν	6473
149425	οικ	3728
149426	 ἔμπ	4335
149427	 θεὸς	10561
149428	 ἐμὲ	10559
149429	 ἀνθρώπου	10536
149430	 Παῦ	2706
149431	 μόνον	10487
149432	 οὐσ	1999
149433	μοις	10465
149434	νοντο	5536
149435	 πολλοὶ	10452
149436	\xa9ς	6
149437	ραις	6678
149438	 ἄλλοι	10407
149439	νησιν	8156
149440	 ἀγαθῶν	10398
149441	ξιον	3287
149442	ζεσθαι	10384
149443	 ἀνθρώποις	10372
149444	 εἶχε	10354
149445	νομέ	7544
149446	ομεν	10344
149447	γεσθαι	7587
149448	 φησὶ	10326
149449	Ἐν	10310
149450	 ἐρω	7034
149451	σομεν	10285
149452	 παντὶ	10271
149453	 ἐλε	10265
149454	ρειν	7867
149455	 πνεῦμα	10258
149456	 ἀρετῆς	10255
149457	ξὺ	2050
149458	 Ἀντ	7087
149459	 πόλει	10221
149460	δεῖ	7868
149461	 ἰατ	10202
149462	Τὸ	10191
149463	 νόμον	10188
149464	 ἁγίων	10186
149465	αὐτῶν	10157
149466	ίαις	10137
149467	όντες	10134
149468	 ἔχοντα	10130
149469	στει	4851
149470	ρὰν	10116
149471	λί	5907
149472	 ἄνευ	10067
149473	 ἴσως	10065
149474	ξασθαι	10038
149475	δεί	10037
149476	μετὰ	10009
149477	ὰμ	1505
149478	 χώραν	9993
149479	"·


"	9981
149480	τατον	9972
149481	 βασιλεῖ	9971
149482	αὐτῷ	9965
149483	σασα	9962
149484	 πέ	9925
149485	μό	9922
149486	 λαβεῖν	9916
149487	 θάνατον	9915
149488	 ἔπειτα	9885
149489	ττο	4731
149490	 πεφ	9869
149491	 κεχ	9853
149492	 Κύριον	9851
149493	δίᾳ	2090
149494	ίζων	9832
149495	 ἔχοντες	9830
149496	οὖν	9826
149497	 εὐχ	9810
149498	 ἐπιθυ	7286
149499	 τά	9799
149500	σίᾳ	9798
149501	 τόπον	9790
149502	 ἀληθῶς	9778
149503	πῶς	9770
149504	 ὁρῶ	6954
149505	σὶν	7266
149506	σκειν	9765
149507	 ἐνε	9748
149508	 κἀκεῖ	9729
149509	 πίστεως	9710
149510	 ὁμοῦ	9702
149511	΄.	9701
149512	ελθεῖν	9698
149513	 ἀληθείας	9696
149514	 ἀκριβ	3559
149515	 μά	5131
149516	 μακρ	6335
149517	 φυγ	9662
149518	 βασιλείας	9662
149519	 μικρὸν	9653
149520	 σοὶ	9651
149521	νατον	6383
149522	 ὑμεῖς	9617
149523	 σύ	9602
149524	τεσθαι	3127
149525	 προσή	6700
149526	 δεῖν	9583
149527	 ἐπιγ	9575
149528	 πάλιν	9570
149529	 αὐτὴ	9559
149530	 ἀσθεν	9551
149531	 προει	2986
149532	 νό	9516
149533	 γεγεν	4308
149534	βασι	9510
149535	 ἐκέ	1543
149536	 μηδ	9463
149537	 πολλῷ	9463
149538	λῶν	9458
149539	 ἄνδρες	9442
149540	στά	9437
149541	 Ταῦτα	9434
149542	 εἷς	9432
149543	ασιν	9413
149544	 ἀθ	6363
149545	 ἐσθ	6495
149546	πτον	9389
149547	 ἐγκα	6768
149548	 κό	9380
149549	σοῦν	4114
149550	ουσαν	9356
149551	 αἰτίαν	9354
149552	ούμενον	9332
149553	 πάντων	9327
149554	στὸν	7037
149555	 ἀγαπ	9310
149556	 ἀγνο	9308
149557	 ἢν	9295
149558	ώτερον	9280
149559	 πατρὸς	9274
149560	ἠ	9271
149561	ρεσιν	9261
149562	 ἁπάντων	9260
149563	 οἰκου	4305
149564	αὐτὸν	9251
149565	 χωρὶς	9236
149566	 ἀξ	6800
149567	 ἴδιον	9232
149568	 ὅπου	9230
149569	 τυγχ	6702
149570	ρῶς	9227
149571	 ἐλα	9211
149572	οἰ	9206
149573	 νυκτ	1256
149574	 θείας	9198
149575	 χεῖρας	9192
149576	έον	6721
149577	πὸν	6059
149578	 λόγοις	9182
149579	 τοῦτ	9166
149580	δωκεν	5508
149581	 ἐγώ	9150
149582	 ἐντεῦθεν	9148
149583	Θεοῦ	9148
149584	 εἴπερ	9144
149585	 πόλεμον	9131
149586	ρᾶς	9130
149587	εβη	1664
149588	 ἔνθα	9119
149589	 ἕνεκα	9114
149590	 ὑψη	6743
149591	 ἐθνῶν	9092
149592	 ἅπαντα	9087
149593	μερον	2696
149594	 ἀνθρωπ	9076
149595	ύς	9056
149596	 παντα	2040
149597	 κακῶν	9050
149598	σῃς	9048
149599	 ὂν	9045
149600	 σωτη	3284
149601	λεται	3348
149602	δί	9028
149603	τήρ	1311
149604	 ἑορ	8994
149605	ῶσαι	8991
149606	 εἰπὼν	8978
149607	 ἀρχιερ	8973
149608	 αὐτούς	8970
149609	 Λακε	1369
149610	 αἰῶνας	8949
149611	γομεν	5360
149612	 πολλοῖς	8926
149613	δαμ	1936
149614	ίζεσθαι	8923
149615	 μῆ	5318
149616	παρὰ	8912
149617	 ἑκα	8911
149618	ταὶ	8908
149619	 ποιητ	8887
149620	 μάχ	1797
149621	 αἷ	1010
149622	πεμ	5548
149623	 μέν	4864
149624	ότητι	8865
149625	λετο	8864
149626	μὸν	8837
149627	 ἄκ	6504
149628	ληφ	8832
149629	σκει	8832
149630	 τινὸς	8830
149631	 πάλαι	8829
149632	λό	8828
149633	ῶντες	8827
149634	 ἀνάγκ	1610
149635	 καιρὸν	8819
149636	 ποταμ	5527
149637	ττων	8807
149638	χεῖν	5380
149639	 δαί	8788
149640	 Ἐπ	4711
149641	ῦντα	8784
149642	σαντας	8762
149643	ίνειν	8750
149644	χρ	5492
149645	 ἀνο	8735
149646	 κά	5531
149647	 υἱὸς	8729
149648	ικὸς	8725
149649	 πάνυ	8712
149650	 ἐθέ	8709
149651	 οὐρανοῦ	8707
149652	 ἄλλος	8697
149653	αὶ	8691
149654	 ἐξη	8690
149655	 ᾠ	8690
149656	 αἰχ	2674
149657	 γάρ	8686
149658	 ἡμέ	3806
149659	 Υἱὸν	8659
149660	 ὥς	8648
149661	................................	575
149662	δὸς	5161
149663	 κακῶς	8638
149664	 Υἱὸς	8627
149665	 φύσις	8625
149666	 ἀκολου	8624
149667	 βασιλεύ	5395
149668	 ἀνάγκη	8621
149669	 αἴτιον	8615
149670	 ὅλων	8610
149671	 ἐλπί	6393
149672	 πρῶτος	8591
149673	 θεὸν	8575
149674	 ὀνομά	8565
149675	σεβείας	4178
149676	ήσεως	5977
149677	ποῦ	8541
149678	 Μὴ	8539
149679	ῆται	8536
149680	 δόξης	8518
149681	 ἰδεῖν	8510
149682	λὴν	6155
149683	κεῖν	3730
149684	 τινας	8478
149685	 εὐεργ	4443
149686	ήσει	8475
149687	γοντος	3513
149688	 ἐπά	8465
149689	 ἑαυτοὺς	8462
149690	 ἁμαρτ	4354
149691	 ὄντες	8445
149692	 Πῶς	8430
149693	 ἀδελφο	5795
149694	 δυνάμεως	8429
149695	 ἀξιο	8418
149696	ίαις	8410
149697	 ζωὴν	8402
149698	ρείαν	4201
149699	 ἐνέ	8391
149700	 ὕδατος	8378
149701	 διά	8374
149702	 εἶχεν	8364
149703	 πίστιν	8359
149704	 πρώ	8356
149705	πτειν	8355
149706	ρισμ	5583
149707	 τοὐ	4370
149708	ἐκεῖ	8347
149709	 ἀκρο	8334
149710	λογον	8329
149711	 ἀνή	5935
149712	 ἐσ	8278
149713	Εὐ	8274
149714	 ἧττον	8274
149715	 εἰσὶ	8265
149716	 ἐστίν	8263
149717	 Ἰουδαίων	8260
149718	 Ἀριστο	5595
149719	χειν	5498
149720	ὑπ	3814
149721	 μεταξὺ	8191
149722	πολλ	8181
149723	 κύ	5681
149724	 γέγονεν	8179
149725	 λόγον	8173
149726	 γενόμενος	8171
149727	 ἀνθρώπους	8167
149728	λοῖ	2517
149729	 Πατέρα	8140
149730	βον	4402
149731	ίοις	8131
149732	τέροις	4902
149733	λῶ	2127
149734	 ἑρ	2840
149735	 πᾶς	8111
149736	σμῳ	3097
149737	πτὰ	1918
149738	λῆς	8093
149739	ῦται	8088
149740	 μέγας	8079
149741	 ποῦ	8077
149742	ροὺς	8073
149743	 σαφῶς	8072
149744	 ἀποστό	3830
149745	στήριον	5363
149746	 Ἰησοῦς	8061
149747	ἀντ	5023
149748	 ἀλλή	1940
149749	 ἔχω	8050
149750	 Ἠ	8044
149751	ῦμεν	8043
149752	ἀρχ	8023
149753	 δίκην	8018
149754	 μέσον	8012
149755	ᾷν	8000
149756	 τούτου	7997
149757	 Αἴ	3989
149758	 δί	5293
149759	 ἐμα	5595
149760	μίαν	7985
149761	 ἐδό	3716
149762	 Ἱερ	2928
149763	 ἐπιτη	7977
149764	 ποιη	7972
149765	βειαν	3049
149766	ῦνται	7968
149767	 οἰκεῖ	3779
149768	γῳ	3854
149769	 λαβὼν	7946
149770	 ἀνδρὸς	7943
149771	 ἐκέλευ	5549
149772	μιον	7940
149773	 ἐχθρο	5585
149774	 τινὶ	7911
149775	 αὔ	7903
149776	 ἐπʼ	7902
149777	όμεθα	7897
149778	σύνην	4631
149779	 Ἐπεὶ	7894
149780	 τινι	7883
149781	 ἐμβ	7868
149782	 ἀρετὴν	7862
149783	 αἷμα	7861
149784	 Ἀρ	7857
149785	ρεσθαι	7852
149786	ΚΕΦΑΛ	7848
149787	εὺς	5457
149788	 γίνεται	7837
149789	 υἱὸν	7832
149790	 δοξ	5283
149791	 ἕν	7826
149792	 ἐξο	7824
149793	 ὑπα	7810
149794	 Παῦλος	7808
149795	 ἐλευθερ	7803
149796	νετο	5302
149797	 ἐπιστή	7801
149798	 ἁμαρτίας	7797
149799	λογίαν	7789
149800	 Τὰ	7777
149801	 βασιλείαν	7774
149802	 πολλὴν	7770
149803	 ῥᾳ	3713
149804	 γυναῖκα	7765
149805	 ἱερε	2498
149806	μένη	7749
149807	 εὐαγγελ	7741
149808	 ἡμέρᾳ	7739
149809	 πόλις	7737
149810	 ἄγ	7731
149811	οὕτως	7722
149812	 πλησίον	7722
149813	 Ἡρακ	7721
149814	 ἔργων	7716
149815	 ζῶν	7709
149816	 σφό	336
149817	κην	4347
149818	 ἀνω	7693
149819	 θεῷ	7676
149820	 κρεί	7663
149821	 Ῥώ	2530
149822	 Κύριε	7653
149823	θῃ	7648
149824	 ἔχον	7643
149825	 ἱερο	5397
149826	ήσας	7621
149827	 μάλα	7618
149828	θέντας	7618
149829	ίνεται	5190
149830	 χρυσ	7608
149831	ουσαι	7606
149832	 ὅσοι	7603
149833	ἐστιν	7600
149834	 ζῴ	3809
149835	 αἰσ	7591
149836	λῃ	7579
149837	" —
"	7566
149838	 καίτοι	7561
149839	 ἐκεῖθεν	7551
149840	δυσ	4771
149841	σαμεν	7544
149842	σθαί	7542
149843	ίσιν	4324
149844	κέ	4896
149845	ώμεθα	7530
149846	 οὐσίας	7530
149847	 ἵν	7530
149848	 ἄνωθεν	7521
149849	κότων	7519
149850	υτὸν	7508
149851	 αὐτός	7496
149852	 πυρὸς	7495
149853	θόντες	7486
149854	άλιν	1110
149855	 ἀναγκαῖον	7483
149856	 αὐτὰς	7482
149857	 ἡμερ	1995
149858	 πί	5247
149859	δὲν	7476
149860	 ζῷ	2573
149861	ῖτο	7466
149862	 ἄλλον	7465
149863	θʼ	7460
149864	 συμβεβη	5027
149865	έρ	7459
149866	 γυν	340
149867	 ἕκαστος	7458
149868	 τοιούτων	7458
149869	 καλὸν	7455
149870	 εἶχον	7455
149871	δῳ	7443
149872	 Θεόν	7436
149873	θεῖσαν	7428
149874	 οὐκέτι	7413
149875	 λέγει	7406
149876	 γίνεσθαι	7405
149877	ἦν	7405
149878	 ἑτέ	7404
149879	τωσαν	7402
149880	ρίᾳ	7401
149881	κειν	7396
149882	 τρό	3357
149883	καμεν	7395
149884	 οὐρανὸν	7391
149885	άς	7390
149886	ροσθεν	1162
149887	οὕτω	7381
149888	αἱ	7379
149889	γραπται	4058
149890	 ᾔ	5102
149891	 σφόδρα	7366
149892	ύμενον	7358
149893	 Ἕλλη	4428
149894	 ἔθνη	7349
149895	 αὑτοῦ	7347
149896	κότες	7343
149897	 εἰσὶν	7336
149898	 ποιῆσαι	7327
149899	 ἀπά	7318
149900	 ἴσον	7318
149901	 τρί	7317
149902	 ἔλεγεν	7314
149903	 ἐντολ	7300
149904	 ἐλπ	7297
149905	ῖνος	7285
149906	 οἷα	7283
149907	ᾴ	3929
149908	 Ἁγ	4775
149909	ίσαι	7263
149910	νό	3565
149911	ών	7253
149912	 κόσμον	7245
149913	θεί	7243
149914	νή	4656
149915	ὃ	4284
149916	ξάμενος	7233
149917	 φασιν	7229
149918	 ψυχὴ	7222
149919	 ἅτε	7213
149920	ἀγα	7213
149921	ροῖς	7206
149922	νοντες	7203
149923	ὑπὸ	7200
149924	μεναι	7199
149925	 ἀφε	7199
149926	 Οὕτω	7197
149927	 πατὴρ	7197
149928	ξίαν	3153
149929	 ἀλλήλους	7195
149930	 καλου	7193
149931	 μηδέ	3688
149932	ικῷ	7189
149933	ᾷς	7188
149934	 ἄπει	2516
149935	 ἔχουσι	7180
149936	 χρό	4383
149937	 σάρκα	7176
149938	δωκε	4704
149939	 οὖσαν	7172
149940	γιν	2734
149941	 Ἰσραὴλ	7163
149942	 δύο	7154
149943	 ἀπή	7147
149944	κότα	7145
149945	 ἄλλην	7145
149946	ἡμῶν	7145
149947	 ὄντως	7140
149948	χεται	4401
149949	 ὑπε	7131
149950	Εἰς	7123
149951	 Πατρὶ	7120
149952	 Ὅτι	7119
149953	ρᾶ	7117
149954	 ἔμε	4885
149955	 ἅπερ	7112
149956	 τάδε	7110
149957	όλου	1958
149958	 ἄξιον	7102
149959	 κελεύ	7102
149960	 πολεμίων	7100
149961	 ὅμο	2136
149962	κῶν	7091
149963	πῃ	4832
149964	πην	4147
149965	 νοῦς	7087
149966	τοκίον	2057
149967	 εὕ	7079
149968	 ἥτις	7075
149969	 ἰσχυ	7068
149970	σιῶν	7050
149971	 οὖσα	7037
149972	ρεῖται	7033
149973	νῶν	7027
149974	 Ἱερο	3406
149975	ησιν	7018
149976	 Ἴ	7017
149977	 ζῆν	7016
149978	 φύσιν	7001
149979	 χρόνῳ	6999
149980	 ἐκείνῳ	6998
149981	δαμῶς	3353
149982	 ὁδὸν	6984
149983	 ἆ	6979
149984	τίκα	1568
149985	 κακὸν	6973
149986	 δυνατὸν	6966
149987	σίν	6962
149988	 ἑκά	6960
149989	ῆρα	6959
149990	 ἔξωθεν	6957
149991	 Ἑλλήνων	6953
149992	 γῇ	6942
149993	 καθὼς	6939
149994	 εἶπον	6937
149995	 ὀλίγον	6926
149996	 τυραν	1846
149997	 τοσού	6913
149998	 δίκαιον	6911
149999	 Ἀλεξ	4598
150000	δέναι	881
150001	 ἄνδρας	6894
150002	 προφη	6891
150003	τωρ	4475
150004	 Δεσπό	6865
150005	δοὺς	6862
150006	 εἰδ	2405
150007	 ὀρθῶς	6857
150008	 ἔοικ	148
150009	 Ἐπειδὴ	6842
150010	 πνευματ	6837
150011	νεῖ	3758
150012	 ἀλήθειαν	6822
150013	 Εἶτα	6820
150014	γυπτ	829
150015	 πρόσωπον	6805
150016	 σαρκὸς	6804
150017	 καί	6800
150018	 οὐσίαν	6796
150019	στῶν	6794
150020	όντας	6793
150021	γετο	6767
150022	Οἱ	6765
150023	Ἄ	6764
150024	 ἀνὰ	6764
150025	ττ	6750
150026	 ἔγνω	6748
150027	 ἄλλου	6744
150028	 γέγονε	6728
150029	ρίον	2728
150030	 ὀρ	4390
150031	 γινο	6711
150032	 κατη	6709
150033	\xa8δὴ	1384
150034	 Ἀν	6704
150035	χεῖ	6702
150036	 ἀπη	6700
150037	λλειν	6698
150038	ῆλθον	6697
150039	κται	6696
150040	 ψυχῇ	6695
150041	μένοις	6692
150042	 ἐνια	6687
150043	 ἃς	6687
150044	Χριστ	6681
150045	 τοῖ	4247
150046	 ἀλλήλων	6669
150047	 χά	1449
150048	 δῶ	3542
150049	μένῃ	6656
150050	 τινὲς	6650
150051	 πρά	6647
150052	 ἀπό	6647
150053	 γένηται	6640
150054	ἐστ	1439
150055	 ὧδε	6639
150056	 ἀφαν	6628
150057	 λαοῦ	6621
150058	 βαρβ	3050
150059	 ἄχρι	6619
150060	πασιν	1403
150061	ικῇ	6615
150062	 γένοιτο	6614
150063	 ἄνθρωποι	6611
150064	 Ἐκκλησίας	6601
150065	 τοσαύ	3970
150066	 ἐπεί	6589
150067	 ἀγων	6584
150068	φῶν	6581
150069	 οὔσης	6580
150070	 Καίσα	3148
150071	εί	6574
150072	 αἴσθη	2582
150073	ῶι	2654
150074	 οὔτ	6555
150075	 πλείο	4048
150076	μένην	6550
150077	 αὐτήν	6543
150078	δʼ	6539
150079	τήριον	6537
150080	 προειρη	6532
150081	υτοῦ	4135
150082	 Μωϋ	3995
150083	άμενοι	6526
150084	ὥσπερ	6525
150085	 φωνῆς	6521
150086	θῆ	6516
150087	λαβεῖν	6516
150088	κρύ	3099
150089	σουσιν	6499
150090	 οὐδέν	6497
150091	 ἐπή	6496
150092	ουσίαν	1761
150093	 γινώ	6491
150094	δά	3373
150095	ψις	6478
150096	μήν	6478
150097	 παρʼ	6472
150098	 ἀδύνα	1606
150099	 ὑπη	6461
150100	 ὁρῶν	6460
150101	 αὐτοκ	3626
150102	 σοφία	2942
150103	 βουλο	6445
150104	ρίοις	6442
150105	 λόγος	6441
150106	στοις	6433
150107	 Διὸ	6432
150108	 ἐδί	3397
150109	 ἐκεῖνοι	6425
150110	πέ	6420
150111	τέραν	6418
150112	 ἐπί	6417
150113	ίδος	6413
150114	ούντων	6410
150115	 ἐνδε	6408
150116	κῳ	3436
150117	 ἀγαθο	3930
150118	 οἶκον	6394
150119	 διʼ	6386
150120	οἷ	2739
150121	κὸν	3483
150122	 ὅστις	6367
150123	ίνετο	4020
150124	όμενα	6361
150125	ἐστι	6360
150126	στασθαι	4009
150127	άναι	3511
150128	 λίαν	6346
150129	 εἰμι	6346
150130	οῖς	3207
150131	στὰς	6331
150132	 ᾤ	6327
150133	 ἀφί	6320
150134	κὼς	6318
150135	είοις	6318
150136	λίαν	6310
150137	ἥ	6308
150138	 πρᾶγμα	6308
150139	Τὰ	6303
150140	 οἰκοδο	6302
150141	 εἰκὸς	6301
150142	σεσι	6288
150143	 γνώμην	6288
150144	ῆλθε	6287
150145	 ἑκατ	2330
150146	ησον	6278
150147	λαβεν	3335
150148	οντι	6267
150149	 Κυρίῳ	6265
150150	 ἐκά	6261
150151	έρων	6261
150152	 ῥο	6249
150153	 αὐταῖς	6248
150154	πᾶ	6242
150155	 ἀχ	6241
150156	 λέγοντες	6237
150157	 ζῶ	3748
150158	γέ	6232
150159	 ἑαυτοῖς	6232
150160	χῆς	6228
150161	 οἷόν	6227
150162	 ἔμπροσθεν	6227
150163	ῖνον	6225
150164	 μακά	2740
150165	σθῆναι	6220
150166	ταύ	3797
150167	πάντα	6206
150168	ίνει	6197
150169	 ἐπιπ	6195
150170	ἵνα	6193
150171	 ἑπτὰ	6181
150172	 ἡν	2832
150173	μεῖ	6173
150174	 σώματι	6172
150175	 ἀστ	6156
150176	ίους	6156
150177	λαβὼν	6142
150178	άνειν	6141
150179	 Τίς	6134
150180	 ἐπιστολ	6131
150181	 ἀρχὴ	6127
150182	μένης	6126
150183	σάμενοι	6121
150184	 ἀκριβῶς	6121
150185	άζειν	6119
150186	λασσαν	1421
150187	 ἀλλήλοις	6114
150188	 οὐδʼ	6113
150189	 ἐπιχει	6111
150190	ζόμενον	6107
150191	Κύ	3262
150192	ἐκεί	6102
150193	 τοῦτό	6098
150194	 ἔστω	6096
150195	 ἐλέ	6093
150196	κότος	6092
150197	 ὤν	6088
150198	σέως	6087
150199	 τούτοις	6087
150200	σμὸν	6084
150201	μῆς	6083
150202	 δόξα	6080
150203	ἑαυτ	6080
150204	 κεφαλὴν	6076
150205	 ἡγ	6070
150206	ύμενος	6066
150207	νησις	3742
150208	ξειν	6065
150209	 εὐχα	3249
150210	 ἐποίησεν	6062
150211	 σχῆμα	6059
150212	 ἐκείνης	6052
150213	στατον	6051
150214	 εἰϲ	6043
150215	 δύναμις	6042
150216	 παθῶν	6038
150217	 κοινὸν	6038
150218	 ἡσυχ	6036
150219	 ἕλ	6032
150220	μφω	1003
150221	 αἱρετ	6026
150222	 ὄντας	6023
150223	σά	6021
150224	 ἀσφαλ	6021
150225	 ἐθε	6021
150226	 ἐνο	6019
150227	 εὐφ	6018
150228	 λέγουσιν	6017
150229	λιστα	1479
150230	 αἰχμα	861
150231	 εἰδέναι	6013
150232	ποιεῖ	3182
150233	σάντων	6009
150234	αὐτοῖς	6006
150235	 ἐκείνην	6005
150236	 ἀληθε	6004
150237	 Δαυ	3509
150238	 ἐντὸς	6001
150239	 θέ	6000
150240	 γλῶ	5996
150241	εξῆς	820
150242	σίας	5992
150243	νεγκε	3330
150244	 φθορ	3300
150245	σδε	5990
150246	 ὕψ	2099
150247	 Σωτῆρος	5989
150248	 ἔδο	5985
150249	 Ἰακ	3427
150250	ὧ	1410
150251	 πεποίη	5980
150252	 Αἰγυπτ	3374
150253	τητι	5972
150254	 σημεῖον	5971
150255	 τʼ	5970
150256	χὴν	5970
150257	ροῦν	2277
150258	 Βαβ	1693
150259	 ἄτο	1919
150260	τρον	5961
150261	μή	5959
150262	 ἀριθ	5957
150263	 ἡλ	3625
150264	οὺς	5948
150265	υροῦ	2942
150266	όμενοι	5936
150267	κασι	5931
150268	 πλοῦ	2301
150269	 ἀρχὰς	5929
150270	 ἐκεῖνα	5928
150271	μένον	5926
150272	ύειν	5919
150273	 εἰκόνα	5919
150274	ξεται	5916
150275	ύσης	5916
150276	οὐχ	5914
150277	 δεύτερον	5913
150278	πασι	2254
150279	 πολλῆς	5906
150280	 ἐκείνοις	5905
150281	στῶ	5900
150282	νοὺς	5895
150283	 ἱερὸν	5893
150284	 δοκοῦ	5887
150285	 ἡγεμον	5886
150286	 καιν	5883
150287	ἷς	3495
150288	γενο	5878
150289	σόμεθα	5878
150290	 ἀληθῆ	5869
150291	 οἶδα	5867
150292	 ἀφορ	5860
150293	Ὑ	5856
150294	 ἔχουσιν	5854
150295	ὦ	5853
150296	 ὑγι	5853
150297	ἐπεὶ	5844
150298	 θαν	5838
150299	ήσεται	5837
150300	 μεῖ	882
150301	 Αἰγύ	2116
150302	 γενέ	2306
150303	 ἀλλή	5833
150304	ἔν	5833
150305	φασιν	5826
150306	 εἰρήνη	1511
150307	λέξανδ	1291
150308	υσιν	5815
150309	ῶδες	5813
150310	 ἑκάστῳ	5812
150311	 εἰκότως	5810
150312	ωμεν	5807
150313	δαί	5804
150314	 ἀκρι	3081
150315	 ἐλθεῖν	5801
150316	"
"	5796
150317	κασιν	5793
150318	θήσονται	5788
150319	 δεί	5780
150320	φῆς	5778
150321	ελθὼν	5776
150322	 ὁπό	5775
150323	οὔτε	5763
150324	 σωτηρίας	5757
150325	ροντες	5756
150326	 κωλύ	5751
150327	ηται	5746
150328	 καιρῷ	5745
150329	 ἔχουσα	5745
150330	 τουτέστι	5745
150331	ικὰς	5739
150332	ἡμῖν	5737
150333	 ἐδέ	5736
150334	 αἰτίας	5735
150335	Ἐκ	5730
150336	 ἀποφ	5721
150337	ριστον	3254
150338	 θείων	5715
150339	ϲι	5714
150340	κουσ	3448
150341	 ὅς	5707
150342	λή	5705
150343	 γένους	5703
150344	 ἐστί	5700
150345	 ἔσχ	2896
150346	εύειν	5689
150347	 Πατὴρ	5686
150348	 βούλεται	5680
150349	 εἴρη	3249
150350	τικὸν	5664
150351	νῦν	5662
150352	σθα	3342
150353	 νῆ	5656
150354	μένους	5652
150355	 Κυρίου	5650
150356	 χεῖρα	5649
150357	ϲιν	5647
150358	ὠ	5645
150359	 δηλοῖ	5644
150360	βολὴν	3184
150361	στή	5640
150362	 μιᾶς	5640
150363	δηλον	5635
150364	τησεν	5626
150365	σαντι	5621
150366	ίνυν	623
150367	νοντος	5620
150368	 Ἐγὼ	5619
150369	 νυκτὸς	5616
150370	 ἅπαντας	5612
150371	ῦσθαι	5611
150372	 ἀριστ	2616
150373	 ταύτας	5608
150374	 Ἅ	5606
150375	μνή	5597
150376	 ὄντι	5594
150377	 ὁμοίως	5583
150378	 ἀπώ	5582
150379	 ἔλεγε	5582
150380	 ἀπαι	5580
150381	χθῆναι	5575
150382	θεσθαι	5568
150383	 ἐκείνους	5564
150384	Ὅτι	5561
150385	 παίδων	5559
150386	στοῦ	5558
150387	αὐτὸς	5550
150388	στασις	5547
150389	 ἀληθιν	5544
150390	δωσι	5543
150391	ἀγ	5539
150392	 ἁμαρτω	5539
150393	κνυσ	1456
150394	 καρδίας	5530
150395	 παῖδας	5517
150396	 νεκρῶν	5514
150397	 δεσμ	5512
150398	 αἰῶνα	5508
150399	 οὐδενὸς	5507
150400	ῖρε	5503
150401	αιον	5500
150402	νοίᾳ	5498
150403	 Ἀλ	3019
150404	 τῆϲ	5493
150405	ἀληθ	5492
150406	 Ἰω	5491
150407	ότι	2955
150408	στολος	5484
150409	 ἡμερῶν	5484
150410	Τί	5481
150411	θνε	2078
150412	 ἡλίου	5474
150413	 λέγεις	5474
150414	τού	5471
150415	 σωτηρίαν	5469
150416	νεῖν	5465
150417	 Ἀπό	1410
150418	ίη	5459
150419	φέ	5459
150420	 τινων	5457
150421	λά	5455
150422	Εἶ	5455
150423	χῶν	5452
150424	 κατά	5452
150425	 ὀφεί	5450
150426	 καταλι	5438
150427	κώς	5433
150428	 ἐπιφαν	5433
150429	τριον	5432
150430	νταῦθα	5432
150431	 Πατήρ	5430
150432	 Ἀλλ	5428
150433	 ποιῶν	5423
150434	σύ	2842
150435	οἶ	5420
150436	 Ὡς	5420
150437	 εὐλογ	5413
150438	 θά	5412
150439	ώθη	5411
150440	τινες	2530
150441	 αὐτίκα	5410
150442	μᾶλλον	5405
150443	ῶνται	5405
150444	 πολλὰς	5400
150445	ρειαν	5399
150446	 Ἀπο	5399
150447	 ΑΒ	5398
150448	 γενν	5396
150449	 Ἀλλὰ	5390
150450	 ὕβ	5387
150451	 αἵματος	5385
150452	έσθαι	5383
150453	 λέγων	5377
150454	 σεμν	5367
150455	 δογ	2580
150456	σσον	5356
150457	 οὐρανῶν	5356
150458	 ὠφε	5356
150459	 Εἰς	5354
150460	 ἐκτὸς	5351
150461	 ξυν	5346
150462	ωσεν	5346
150463	 τριῶν	5346
150464	 ἐμπο	5345
150465	ότητα	5343
150466	 αἰσθ	5343
150467	 τινὰς	5343
150468	 Λακεδαιμον	2881
150469	οὗ	5334
150470	ιῶν	5333
150471	σκον	5331
150472	 καρδ	5331
150473	 Ἀνα	5330
150474	 τόδε	5326
150475	 Ἐὰν	5325
150476	ζοντες	5321
150477	 ᾨδὴ	5320
150478	 ἑκάστου	5317
150479	 ἔτε	5314
150480	 Οτι	5307
150481	 ὄρος	5305
150482	 τοιαύτην	5305
150483	Αλλ	5303
150484	 ἔπε	5303
150485	 Θεός	5301
150486	 ἕτερα	5301
150487	τέρου	5296
150488	 ὀνομα	5294
150489	 ἕτερος	5287
150490	βὶ	900
150491	 πλεῖστον	5285
150492	ίζοντες	5280
150493	 θεοὺς	5280
150494	 δύνασθαι	5279
150495	 ὄν	5275
150496	 τίνα	5270
150497	 ἀρχῇ	5270
150498	ίαι	5268
150499	 ἀτι	5268
150500	 ἀληθὲς	5268
150501	 παῖς	5267
150502	 ἔχοι	5267
150503	 Ἰησοῦν	5266
150504	 Διὸς	5263
150505	δόναι	2592
150506	βραὰμ	2960
150507	κρά	5258
150508	ῤῥη	5253
150509	 ποιού	5242
150510	 πολλοῦ	5237
150511	ψεται	5230
150512	 στρατιώ	2204
150513	 γνῶσιν	5223
150514	 πρῶτα	5222
150515	 ὁμοι	5221
150516	 αἰῶνος	5221
150517	 ἐπισκό	2385
150518	 μέσῳ	5218
150519	χετο	5217
150520	κοστ	5216
150521	 ῾	5213
150522	 ὅλην	5212
150523	 ἔνδον	5212
150524	 ὑπάρχειν	5208
150525	δῃ	5205
150526	 ἄλλῳ	5205
150527	 γεγενη	5205
150528	ρησιν	5204
150529	ωϲ	5201
150530	 τοιοῦτος	5198
150531	σί	5196
150532	 ἀπορ	5196
150533	 γυναικῶν	5194
150534	 ἐσχά	5192
150535	 λέγουσι	5191
150536	 παντελῶς	5191
150537	 θεῖος	5186
150538	 ὑπῆ	5184
150539	 ἀμφὶ	5183
150540	 ἐκπο	5182
150541	 ἥλιον	5174
150542	 ἐφεξῆς	5173
150543	 ἀντί	5169
150544	 τάξιν	5167
150545	 εὗ	5166
150546	ήκοντα	2424
150547	 καθʼ	5165
150548	τόν	5162
150549	ἀπ	5161
150550	θῳ	5159
150551	δοξ	5157
150552	 ψυχὰς	5157
150553	θυμίαν	5153
150554	 καθόλου	5152
150555	 χρῆσθαι	5152
150556	ῦσαν	5143
150557	 ἔλεγον	5141
150558	 ἔλ	5129
150559	 εἴποι	5129
150560	 σοφίας	5128
150561	θανά	2696
150562	 Πρὸς	5121
150563	 ὄχ	5118
150564	παντες	605
150565	 ὁμ	5115
150566	 σχεδὸν	5114
150567	μῷ	5111
150568	οὶ	5106
150569	Τὴν	5105
150570	 ἐξουσ	2750
150571	κότας	5099
150572	 Ἀθή	5098
150573	ὗται	991
150574	ύειν	5095
150575	 ἑω	5094
150576	ιού	1180
150577	σεσιν	5086
150578	 θαλάσσης	5085
150579	 φωνὴν	5084
150580	ῆλον	5083
150581	 ἔπει	5081
150582	 λέγεται	5080
150583	δωσιν	5079
150584	 τυρανν	5079
150585	μένῳ	5077
150586	 ἑβδο	5072
150587	 λέγειν	5072
150588	 ἥλιος	5067
150589	σίους	2544
150590	γοις	5064
150591	σαύτως	1255
150592	 ἀποκ	5063
150593	 χάριτος	5058
150594	 Ἑλλην	5056
150595	λεῖς	5055
150596	 οὔπω	5053
150597	πειν	5052
150598	 Ἱερουσ	2157
150599	 τάχα	5047
150600	 τουτέστιν	5046
150601	φθ	5044
150602	τὲ	5043
150603	 Οὐκοῦν	5043
150604	 Εὐαγγελ	5040
150605	ικαῦτα	1285
150606	 ὁμό	5036
150607	 ἑτέρου	5034
150608	έως	5031
150609	 τοῖσι	5028
150610	Θεοτοκίον	1262
150611	 ἄμφω	5025
150612	 ἡλικ	2751
150613	πῶν	5020
150614	 ἐχθρῶν	5018
150615	Ὡς	5017
150616	 λοιπο	5016
150617	 προσκυν	5015
150618	 κί	447
150619	μίους	574
150620	 πόδας	5007
150621	 πέμ	5007
150622	 ἀποτε	5007
150623	 δεικν	5005
150624	 Ἰού	2313
150625	ήσας	5004
150626	 κόσμῳ	5003
150627	 λύ	5000
150628	 τοίνυν	4998
150629	λαβον	4997
150630	ωρ	1755
150631	Διὰ	4995
150632	ώτατον	4990
150633	ῖο	4988
150634	 ἑτέρων	4985
150635	 ὥστ	4985
150636	ιντο	4982
150637	 νοῦ	4973
150638	ττης	2708
150639	 διάνοιαν	4970
150640	 τύχ	2670
150641	 πλείους	4966
150642	ρεῖσθαι	4966
150643	 ὑποκει	4963
150644	 ὅμοιον	4961
150645	δεμίαν	2431
150646	όμεθα	4959
150647	 λέγοντος	4958
150648	 ἀπαρ	4958
150649	ρᾷ	4955
150650	 Ἑρ	4954
150651	 μεῖζον	4954
150652	λύ	4952
150653	 κίνη	2388
150654	 ἀρχα	4950
150655	 ἤκου	4949
150656	σασ	2483
150657	Πατ	4947
150658	 ἐποί	2186
150659	ῦντο	4945
150660	 Αἰγ	2673
150661	 Μακε	2316
150662	τείαν	4944
150663	καλεῖ	2735
150664	σθεὶς	4938
150665	 Ἀρχ	4937
150666	σιοι	4935
150667	 βαπτ	4925
150668	γένοντο	1022
150669	δὰν	1119
150670	ῄει	4923
150671	σέβειαν	2640
150672	ρὸ	1989
150673	 ὕλης	4909
150674	ξαντο	4907
150675	είῳ	4906
150676	 εἴδη	4906
150677	Ἑ	4902
150678	 ἐτ	2230
150679	 παῖδα	4901
150680	 μακαρ	4899
150681	 ζῷον	4897
150682	 κατʼ	4895
150683	 βουλόμενος	4895
150684	 Λόγου	4894
150685	Τὸν	4894
150686	Αὐ	4892
150687	 τέκνα	4890
150688	ῖραν	2664
150689	ῶναι	2224
150690	 κεφαλῆς	4882
150691	 γυναικὸς	4879
150692	φθη	4873
150693	έρους	4867
150694	 Πατρός	4864
150695	 ἀδύνατον	4861
150696	 ὕπ	4856
150697	ζεν	4855
150698	σεῖν	4852
150699	 ἑνὶ	4851
150700	 στοιχε	2348
150701	 Πνεύματι	4848
150702	 ποιεῖσθαι	4846
150703	 δυνάμει	4845
150704	 Τὴν	4841
150705	παύ	4837
150706	 γένε	1791
150707	ργοις	689
150708	 ἔφην	4836
150709	 Ἰν	4832
150710	 συμφορ	4830
150711	 Τὸν	4829
150712	 ἥκ	1333
150713	 ἀτ	4822
150714	 ἀνθρω	2591
150715	νατο	4820
150716	 γυμν	4819
150717	 σελή	4811
150718	λεύ	4809
150719	νωσιν	4807
150720	Πρὸς	4806
150721	ώνιον	2226
150722	 ἐπαιν	4801
150723	χίαν	4799
150724	 Πνεύ	2079
150725	 πεντ	2051
150726	πί	4790
150727	 ἰδοὺ	4790
150728	γαγεν	4787
150729	πρῶ	1679
150730	 ἔσεσθαι	4783
150731	ρετο	4781
150732	 θεοῖς	4780
150733	 δηλονότι	4779
150734	 ἐποιή	2298
150735	σουσι	4774
150736	 Ἀτ	4774
150737	 ῥη	4773
150738	νοῖς	4770
150739	βά	4767
150740	 ταὐτὸν	4763
150741	 προφήτης	4762
150742	 δοκεῖν	4761
150743	 ἄλλας	4760
150744	 ἅπ	1636
150745	 σῆς	4758
150746	ἁμαρ	4758
150747	ἡμᾶς	4754
150748	 τοσα	1614
150749	 ἀφο	4753
150750	δέχεται	2433
150751	 νικ	4749
150752	ρύ	4742
150753	όνῳ	2290
150754	 μάχην	4741
150755	νεσιν	4738
150756	άπερ	940
150757	 τούτῳ	4734
150758	ίνῃ	4733
150759	κτει	4733
150760	Οὐκ	4732
150761	 ταύτην	4732
150762	ξαντες	4731
150763	 ἐξουσίαν	4730
150764	στῆναι	4725
150765	 ἀμεί	4723
150766	 αʹ	4722
150767	 ἐπιμε	4721
150768	 τιμῆς	4713
150769	 ἀγορ	4707
150770	 πολιορκ	4706
150771	 τοῦδε	4704
150772	 θυγα	1512
150773	 ἰδίαν	4701
150774	 θάλασσαν	4698
150775	γαγε	4692
150776	ρῆσαι	4691
150777	 παῖδες	4689
150778	 Οὗτος	4687
150779	 ἀνέ	4685
150780	ροὶ	4682
150781	θεσις	4677
150782	τοια	4676
150783	 κάλλ	4676
150784	 ἐκεῖσε	4675
150785	 ἄπειρον	4667
150786	θρον	4663
150787	 ψυχήν	4661
150788	ύντων	4658
150789	πατ	4657
150790	 πάσας	4657
150791	 σώματος	4657
150792	οιτο	4656
150793	 αὐτά	4654
150794	 ἀγαθοῦ	4653
150795	ταί	4649
150796	 ἀντα	4648
150797	λεί	4647
150798	οὐδὲν	4644
150799	ικοὺς	4642
150800	 ἔτει	4641
150801	 εἰρή	4641
150802	 ἔρω	4639
150803	 νόμῳ	4638
150804	σμον	4628
150805	 μιν	4628
150806	 ἀσκ	4626
150807	 Σικελ	4622
150808	ἆ	2208
150809	Μετ	448
150810	ὥστε	4621
150811	 πανταχοῦ	4617
150812	 Λέγ	1976
150813	 Ἑβρα	4611
150814	 θείου	4609
150815	 Παρθέ	2183
150816	 διω	4607
150817	ξιος	2056
150818	ικοὶ	4603
150819	τατος	4601
150820	 οἰκεί	4601
150821	 ἀμ	4597
150822	 ἐτῶν	4594
150823	 ὑπάρχει	4594
150824	ῦδος	866
150825	τούτων	4590
150826	μειν	2146
150827	 γυνὴ	4587
150828	ημέ	4585
150829	 ἔσω	4585
150830	 ἐνέ	1173
150831	 πρεσβυτ	4582
150832	 Ἀθηναίων	4580
150833	ίσας	4578
150834	 κακίας	4578
150835	ρῆ	4577
150836	 λογισ	4572
150837	 χειρῶν	4571
150838	ὧν	4570
150839	ότητος	4564
150840	ἀλλʼ	4564
150841	δειν	4560
150842	 καρδίαν	4552
150843	 ἰδι	4552
150844	 δοῦναι	4550
150845	χθαι	4548
150846	 ἐναργ	4547
150847	λεως	4545
150848	Κανών	4542
150849	φὴν	4540
150850	 μάλιστα	4537
150851	ικαῖς	4533
150852	ρῆσθαι	4529
150853	 λαλ	4528
150854	ρωσιν	4528
150855	 νοητ	4527
150856	 ἰδὼν	4526
150857	 ἔρη	1942
150858	αλήμ	1633
150859	 Ἀλέξανδ	2033
150860	 χρηστ	4523
150861	 ἐπαγγελ	4522
150862	 ἀριθμὸν	4522
150863	 εἶναί	4521
150864	 λαὸν	4515
150865	διδά	4512
150866	 δικαίως	4511
150867	 ἅπαντες	4511
150868	 εὐσεβ	4510
150869	μονος	4509
150870	γελ	4500
150871	ρῃ	4497
150872	κὼν	4496
150873	 ἔπ	4495
150874	 εἰπόν	1654
150875	ῇς	4492
150876	 Εἱ	205
150877	λαττον	634
150878	 ἁγίας	4485
150879	τιῶν	1485
150880	 ἕνεκεν	4483
150881	 πολὺν	4480
150882	 γενομένης	4476
150883	κιον	4475
150884	 μέγαν	4472
150885	 ἀνάγκης	4472
150886	 σωτ	4471
150887	 πρότερον	4469
150888	 ἅπαξ	4464
150889	 ἐπιτι	4463
150890	σθησαν	4461
150891	 κινο	4460
150892	ρόν	4456
150893	 πάθη	4456
150894	ῶνας	4456
150895	 εἰδὼς	4455
150896	 τρίτον	4454
150897	 Υἱῷ	4453
150898	 Ἀθηναῖοι	4451
150899	 ἐρ	4450
150900	 σῶ	4448
150901	ψαντες	4446
150902	 Ἥ	4446
150903	 μόνῳ	4446
150904	 γενόμενον	4443
150905	 μαθεῖν	4440
150906	 ὕλην	4436
150907	 πολεμίους	4435
150908	γινώ	4434
150909	 τροφῆς	4431
150910	γυπ	427
150911	 θείαν	4430
150912	 φοβερ	4430
150913	 σμικ	4429
150914	ῆσιν	4427
150915	ιγα	733
150916	άρτυ	1109
150917	 ἀκτ	4425
150918	 Ὥ	4424
150919	εύς	4421
150920	ἔτι	4419
150921	 τοιαύ	4415
150922	 Θεοτό	4414
150923	λέγει	4413
150924	 ἔχεις	4413
150925	 ἐπαρ	4412
150926	ρμὸς	124
150927	ὑπὲρ	4410
150928	έναι	4409
150929	 μεγά	4408
150930	σσων	4406
150931	ψατο	4406
150932	 Ἰου	4402
150933	 ἔφασ	4401
150934	γας	4400
150935	 ἀρί	4400
150936	 τότε	4400
150937	αὐτῆς	4399
150938	 οὐδενὶ	4399
150939	 ταῦτ	4396
150940	 Κύριος	4395
150941	ῦτε	4394
150942	σολ	776
150943	βῳ	1737
150944	 Τῶν	4393
150945	 ἀλλό	4389
150946	 βλασφ	1375
150947	χῶς	4387
150948	βὶδ	397
150949	 διελ	4384
150950	 παθεῖν	4383
150951	 εὐσεβείας	4381
150952	έχειν	4380
150953	ριστοῦ	757
150954	 πράττειν	4378
150955	 ψυχῶν	4377
150956	 σωμάτων	4376
150957	έρῳ	4375
150958	 ὅρκ	4374
150959	έα	4374
150960	ἐφ	4374
150961	 εἰσα	4373
150962	 διδάσκα	4373
150963	ίης	4368
150964	 μέγιστον	4367
150965	 ὑβ	4367
150966	άσαι	4366
150967	άκις	1305
150968	 οἰκονομ	4365
150969	ῃρη	4364
150970	 ἄλλη	4363
150971	πίσω	993
150972	 ἄφ	4362
150973	 ἑλ	4362
150974	 ἐκπε	4360
150975	 ὅλης	4359
150976	 ἐρε	4358
150977	 μήτε	4357
150978	 διδασκ	4354
150979	 γένος	4354
150980	 ἐγχ	4353
150981	έν	4350
150982	 φίλον	4346
150983	ψῃ	4344
150984	σίαν	4342
150985	λλος	4340
150986	τοὶ	4337
150987	νητον	4337
150988	στεως	4337
150989	πεδον	1600
150990	 Περσῶν	4332
150991	πὶ	1488
150992	 ἤθε	4328
150993	 ἀνη	4327
150994	ίην	4324
150995	.Σ	1699
150996	 Εὔ	4321
150997	 ἄγγε	1863
150998	 τόπῳ	4318
150999	βίδ	436
151000	 ἀνό	4313
151001	 πάσῃ	4312
151002	μὼν	4311
151003	 γεγραμ	4309
151004	σθεν	4308
151005	 βίῳ	4308
151006	 εἰρήνην	4308
151007	σχεῖν	4304
151008	 ἐτε	1875
151009	όμεναι	4301
151010	ῆϲ	4301
151011	δόντες	4296
151012	ές	4296
151013	σώ	4295
151014	 καλῶν	4295
151015	 ὄψιν	4295
151016	Τῶν	4293
151017	 ἀσπ	4291
151018	ὑμ	4290
151019	θησιν	4288
151020	λοντο	4288
151021	 ἑσπ	4287
151022	 Εἱρμὸς	4286
151023	 θαρ	4284
151024	 ἅγιος	4280
151025	 ἐμέ	4278
151026	ρός	4275
151027	ἀφ	4275
151028	 Βαβυλ	4275
151029	σποτα	4270
151030	 φωνῇ	4269
151031	 εἰσελ	4267
151032	ριῶν	4265
151033	 ἐδόκει	4265
151034	 εἵ	4264
151035	 ἔσχα	4264
151036	ἔστι	4264
151037	 ξί	4262
151038	 θαλά	1997
151039	 ῥητ	4260
151040	 Ὀλυμπ	4257
151041	μεινον	762
151042	ὑπερ	4256
151043	 πάντας	4255
151044	 ἔθνος	4254
151045	 ὑμετ	4254
151046	νοὶ	4253
151047	θέναι	4248
151048	ίνην	4247
151049	ττω	4245
151050	ρισιν	1385
151051	 ἐρή	4239
151052	μαί	4238
151053	 ἀποστόλων	4238
151054	Ταῦτα	4237
151055	ενε	4234
151056	λὸν	4232
151057	 παρά	4230
151058	 ἀγγέλων	4228
151059	ψον	4224
151060	ισεν	4224
151061	 τρόπῳ	4222
151062	Ῥ	4221
151063	ικίαν	1888
151064	 ἔτος	4214
151065	 ἰσχύ	4213
151066	έλ	4212
151067	 ἑτέραν	4212
151068	 γυναῖκας	4210
151069	 ἀποστο	1928
151070	ττεσθαι	4200
151071	 ἄρτι	4194
151072	 χρείαν	4193
151073	σίαις	4189
151074	 ὅπλα	4189
151075	 ὀλι	4187
151076	 οἰκεῖον	4186
151077	 ἀπω	4182
151078	 ὀλί	4181
151079	 τίνος	4178
151080	Μετὰ	4173
151081	 θεότητος	4172
151082	 κάλλος	4172
151083	 ἀεί	4170
151084	ζουσι	4170
151085	 ἦλθεν	4166
151086	 καιροῦ	4163
151087	νομά	1727
151088	 ἰδίᾳ	4159
151089	κῇ	4156
151090	 φέ	4156
151091	 μελλ	4155
151092	 λαὸς	4155
151093	 ἔλεος	4154
151094	 φθαρ	4153
151095	 ἀναγκ	4153
151096	αὐτοὺς	4153
151097	Αἰ	4151
151098	 ἁπά	1779
151099	 τουτέ	4147
151100	 ἐνώ	1362
151101	 ἔργοις	4147
151102	 παιδ	4144
151103	φροσύνης	4144
151104	 Σὺ	4142
151105	 ἴσα	4142
151106	ωνται	4141
151107	 Ἀργ	4141
151108	 υἱοὶ	4141
151109	 ἱερῶν	4137
151110	 ἑαυτῆς	4135
151111	λαμβά	4133
151112	 γεγόνα	4131
151113	 βω	4130
151114	άνδρου	1819
151115	λέους	4129
151116	 ἀλα	4128
151117	σμοῦ	4128
151118	δὼν	4127
151119	 ἀπέ	4123
151120	 εἰργ	4119
151121	κνυσι	4115
151122	 εἷ	4113
151123	 προφητῶν	4112
151124	φύ	4110
151125	 ἀπεί	4109
151126	 Καρχη	4108
151127	ἐγὼ	4108
151128	 αὗται	4105
151129	πεσθαι	4105
151130	τέρους	4105
151131	 ἁμαρτίαν	4104
151132	 λόγῳ	4102
151133	τύ	4101
151134	 Ἰωάννης	4100
151135	κτεί	1876
151136	 ὀνόματι	4094
151137	 Ἀμ	1222
151138	άκοντα	297
151139	ήματα	4092
151140	 ὑπό	4091
151141	 ῥα	4090
151142	στησεν	4089
151143	δειξιν	4089
151144	 ἁγίῳ	4089
151145	εύ	4088
151146	 αἱρέ	4088
151147	 ἀμε	4086
151148	 τύ	4085
151149	μέν	4085
151150	 Τῷ	4084
151151	ῖσιν	4083
151152	κνυσιν	4078
151153	 Ἐπὶ	4074
151154	ήσεται	4073
151155	θεῖναι	4073
151156	πάλιν	4071
151157	μησεν	4069
151158	υἱ	4068
151159	ρίους	4066
151160	 ἐπιχ	4066
151161	ρησεν	4064
151162	 πεποιη	4064
151163	ήσεις	4062
151164	 ὑπʼ	4061
151165	 κακοῦ	4060
151166	 χάρις	4058
151167	ίκην	1416
151168	\xe2\x9f	862
151169	 Ἀπόλλων	4054
151170	 ῥᾳδίως	4053
151171	 Κύριον	4052
151172	λίῳ	4050
151173	 σὴν	4049
151174	 ἔχομεν	4049
151175	δῷ	1718
151176	γγέ	4048
151177	 πάντες	4048
151178	 υἱοῦ	4048
151179	 ἄτοπον	4048
151180	 στρατηγο	4046
151181	 ὅλου	4046
151182	 ἄνα	4043
151183	 ἀξίαν	4042
151184	 ἀπιστ	4038
151185	 τρόπον	4038
151186	 ἡγο	4037
151187	 εὐεργε	4032
151188	 λῃ	4031
151189	 ἐφʼ	4030
151190	Ἱ	4028
151191	λεὺς	4025
151192	σσι	4024
151193	 αὑτὸν	4023
151194	φά	4020
151195	φειν	4020
151196	 ἐλά	4019
151197	ψασθαι	4017
151198	 μέρος	4016
151199	ἀνά	4011
151200	 κεῖται	4006
151201	 ἐλθὼν	4005
151202	 μέντοι	4004
151203	 Αἴγυπ	370
151204	 ᾐ	4001
151205	 χωρίον	3999
151206	 ἁλ	3995
151207	φό	3992
151208	 πνεύ	3991
151209	οἴ	3988
151210	σεσθε	3988
151211	 Δαβὶδ	3988
151212	 λεχ	3987
151213	 διανοίας	3984
151214	 ἐγγὺς	3984
151215	 ἀνδρά	3981
151216	 Μετὰ	3980
151217	 τοὐν	654
151218	 αἴσθησιν	3976
151219	στό	3973
151220	 εὐδαιμον	3966
151221	 πάθους	3965
151222	νὸς	3963
151223	 ἀλλά	3963
151224	πάντων	1432
151225	θηκεν	3957
151226	 ἑκατὸν	3954
151227	σῆς	1418
151228	 σήμερον	3952
151229	 κακὰ	3952
151230	 παρρη	3950
151231	δρον	3949
151232	πολιν	3949
151233	άτου	3949
151234	γκης	982
151235	 οἶδεν	3947
151236	 ἐπιστή	3947
151237	 δυνάμε	1410
151238	 καλεῖται	3944
151239	 μήτηρ	3943
151240	 ἡδονῆς	3943
151241	 ἐδ	3941
151242	άμενος	3940
151243	άζων	3939
151244	ἑαυτο	1563
151245	 πυρὶ	3938
151246	 πλείω	3938
151247	 καρτερ	3935
151248	παυ	3928
151249	ληλυ	3927
151250	 ἰδί	3926
151251	άβ	3924
151252	 ἀδια	3921
151253	λεσεν	3921
151254	σσαν	3920
151255	 ἡμέρα	3919
151256	σεὶ	547
151257	 Εἴ	3917
151258	 τοιού	3912
151259	ψευ	3910
151260	 ἀνθρώπων	3910
151261	 ἱδ	3909
151262	ϲα	3908
151263	 ὕδατι	3908
151264	 Πά	3907
151265	θὸν	3906
151266	εῖτε	3905
151267	ϲθαι	3905
151268	δοῦναι	3904
151269	 τῶι	3903
151270	 ἐγένοντο	3902
151271	 Τριά	3900
151272	λαιον	1655
151273	ύτερον	3897
151274	ζουσιν	3896
151275	 ἀδύ	660
151276	σθέ	3893
151277	φάνη	3891
151278	 ἐξελ	3891
151279	 ὕψος	3891
151280	 ἰχ	905
151281	θησι	3889
151282	 διαλε	3889
151283	 ὀργῆς	3888
151284	 ἀγάπης	3888
151285	λοὶ	3884
151286	 κρί	3883
151287	 Δαβίδ	3882
151288	 ἀνδρὶ	3882
151289	 γνώ	3882
151290	 βασιλέων	3881
151291	 τοιαύτης	3881
151292	 ἔχοντας	3880
151293	 ᾄ	3880
151294	οὗτος	3879
151295	μὰς	3878
151296	 παύ	3876
151297	 συνόδου	3876
151298	 εἶδον	3876
151299	 ἔχῃ	3873
151300	κοῦσαι	1063
151301	κοις	3870
151302	ληψιν	3869
151303	ροῦντες	3868
151304	 πρώτην	3867
151305	 ἀβ	3866
151306	είαις	3865
151307	 φέρειν	3865
151308	μίᾳ	3864
151309	 ἀρε	3864
151310	 ἐναντίον	3859
151311	 φιλοσό	3858
151312	 μιᾷ	3857
151313	 ἀδελφὸν	3857
151314	................................................................	1997
151315	 ἄλλης	3853
151316	 ἔλαττον	3851
151317	όξα	1109
151318	άζεσθαι	3848
151319	 εἱ	3848
151320	δοται	3846
151321	 ῥή	3846
151322	 παντά	1409
151323	χόθεν	1450
151324	στέον	3843
151325	 ἤρ	1592
151326	 εἴκοσι	3841
151327	 γίγνεται	3841
151328	 Ταύ	3840
151329	 ὑπά	3840
151330	 τοὔ	1254
151331	 ἀπελ	3835
151332	 ὀνει	3835
151333	 τιμὴν	3834
151334	θέσθαι	3833
151335	έτω	3832
151336	ναις	3832
151337	 θρα	3831
151338	μόνον	3830
151339	 λοιπῶν	3829
151340	σαί	3828
151341	 χειρὶ	3828
151342	 ἀμα	3828
151343	γουσι	3827
151344	 καταφρον	3827
151345	 δόξῃ	3826
151346	 δεῖξαι	3825
151347	 μεγάλην	3824
151348	ττου	3822
151349	 ὑπερο	3821
151350	λοντες	3820
151351	άμενον	3819
151352	τινα	3817
151353	\xa3ς	1228
151354	 πλεί	3814
151355	 τινῶν	3814
151356	 ἑαυτὴν	3814
151357	 Ἰδοὺ	3813
151358	 οὐδένα	3813
151359	ίη	3810
151360	 αἰν	3810
151361	 ὡσαύτως	3809
151362	στὴν	3808
151363	Υἱ	3804
151364	ῖαν	3804
151365	 ἐπειδὰν	3804
151366	ῶται	3802
151367	 ὀγ	3802
151368	Οτι	3801
151369	 Ἰσραήλ	3801
151370	 γεγονέναι	3800
151371	 φωτὸς	3800
151372	ἁγ	3800
151373	 ἐπιβου	3800
151374	 ήγουν	3797
151375	 τριάκοντα	3795
151376	 καθάπερ	3794
151377	τικὴν	3794
151378	λαγ	3793
151379	 ἔθος	3793
151380	 νομί	3792
151381	 ἐπιτε	3790
151382	 ἀνατολ	3789
151383	 χειρὸς	3788
151384	 ζῴων	3787
151385	σωσιν	3784
151386	 ἀντιπ	3783
151387	χιλ	3779
151388	θεντο	3779
151389	 ἀγαθὰ	3778
151390	 εἰρήνης	3777
151391	 ᾅ	1564
151392	ισμὸν	3775
151393	 ἐννο	3775
151394	ρίῳ	3775
151395	 ἀῤῥ	3772
151396	 ἐρη	3771
151397	αὐτὴν	3771
151398	ὅταν	3770
151399	 ἐϲ	3769
151400	ῆκεν	3768
151401	.Θεοτοκίον	3765
151402	 ἐνέργ	632
151403	 καθέ	3763
151404	λειον	3762
151405	 αἰσχύ	3762
151406	"᾽
"	3761
151407	 πλεῖστα	3759
151408	σμῶν	3757
151409	 ἐπίσκο	1535
151410	 ἐνεργε	3756
151411	τολεμα	286
151412	ῦναι	3754
151413	"᾿
"	3754
151414	ρὰς	3753
151415	 οἶνον	3752
151416	τή	3751
151417	 τηνικαῦτα	3751
151418	 ἐχόντων	3751
151419	 οἰκίας	3750
151420	ργον	3747
151421	σμέ	3746
151422	ζομεν	3744
151423	ἔχει	3743
151424	 βασιλεῖς	3741
151425	 τίς	3741
151426	 τολμ	3739
151427	 αἷς	3739
151428	ττε	3738
151429	 φιλοτι	3737
151430	 ἡμέραις	3735
151431	 Κῦ	1308
151432	θό	3732
151433	 ἐξή	3732
151434	 Χρι	3731
151435	 ἀποδεί	3731
151436	 ἀκούσας	3731
151437	 φόβον	3729
151438	 Ῥωμαῖοι	3727
151439	 φυτ	3726
151440	 ψεῦδος	3725
151441	Τῷ	3722
151442	ἀνδ	3722
151443	ρέων	3720
151444	σειν	3718
151445	 Ἀγα	3718
151446	 Αἰγύπτου	3718
151447	 ἀδελφῶν	3715
151448	ὁμο	3713
151449	ραῖς	3711
151450	τοϲ	3710
151451	 ὠνό	941
151452	θοις	3704
151453	οὐραν	3702
151454	 καρπο	3701
151455	 ὡϲ	3701
151456	ρχον	3700
151457	σκοντες	3698
151458	 ὅμοια	3697
151459	 τῇδε	3697
151460	 διακον	3696
151461	 λεγόμενον	3696
151462	 ὀστ	3695
151463	 Θηβα	3695
151464	 ἑαυ	3693
151465	ιγαροῦν	992
151466	γγος	3690
151467	 ὀνό	3690
151468	 φύσει	3690
151469	 παρθέ	3689
151470	 ἀποδι	3689
151471	 βού	3688
151472	 τεῖ	194
151473	 Ῥωμαίοις	3687
151474	"΄.
"	3686
151475	 κατέ	3686
151476	κείμενον	3686
151477	λούμενον	1442
151478	μέναι	3684
151479	τευμα	1247
151480	θνή	3683
151481	 εἴπω	3683
151482	 ἀγαθόν	3683
151483	λησεν	3681
151484	 ὑπαρ	3681
151485	 ἁμαρτά	3678
151486	τὴ	3677
151487	ῆκε	3677
151488	 οὐρανῷ	3676
151489	 δύναμιν	3674
151490	 ἀλλοτ	3671
151491	 παρέ	3670
151492	 ποταμοῦ	3670
151493	 ἀγαλλ	3670
151494	λοῦν	3669
151495	 ἀσφ	3667
151496	 ὁμοί	3667
151497	 ποιήσει	3666
151498	 μεί	3665
151499	κισ	3664
151500	ομένους	3662
151501	ίζετο	3661
151502	σωσι	3658
151503	 ἅπασι	3658
151504	 φεύ	3653
151505	 μηδενὸς	3650
151506	 ἔδωκεν	3648
151507	 ἕτερ	3648
151508	άνῃ	3647
151509	 εὑρε	3645
151510	οἷον	3642
151511	λλεν	1413
151512	 εἰσε	3640
151513	 ἑκάστην	3640
151514	λειφ	3639
151515	 θυσια	3637
151516	 οὐδαμῶς	3636
151517	χί	3634
151518	ἄλλο	3634
151519	ἡμέ	3633
151520	 ταύτης	3633
151521	 Αἴγυπτον	3633
151522	 βίβ	3629
151523	ἀπε	3629
151524	 πλοῦτον	3629
151525	 μηκέτι	3627
151526	ύναι	3627
151527	 ὁδοῦ	3627
151528	 διεφ	3623
151529	Χριστοῦ	3622
151530	ρεύ	3621
151531	 ὕλη	3621
151532	 γυναῖκες	3618
151533	 ἀθά	3617
151534	 Ἱεροσολ	3617
151535	 ἐβ	3616
151536	 νύκ	938
151537	ζετο	3614
151538	ίσασθαι	3613
151539	 ἀνθρώπῳ	3612
151540	 πέφυ	3609
151541	 χειμ	3609
151542	 αὑτῷ	3609
151543	λαις	3607
151544	 καιρὸς	3604
151545	 κύκλῳ	3604
151546	έων	3604
151547	 προσκυ	3604
151548	 οὑ	3602
151549	 ἁρμό	3602
151550	τὶ	3601
151551	 σεαυτ	3601
151552	άρχου	3601
151553	 πᾶσαι	3601
151554	 πράγματος	3600
151555	 μῆκος	3599
151556	ρχεσθαι	3597
151557	ιτῶν	3596
151558	 καλὰ	3594
151559	 αἰώνων	3594
151560	ίστην	3590
151561	 αὑτῶν	3590
151562	 τάχ	1344
151563	 καρδίᾳ	3589
151564	σχον	3587
151565	ἔχ	3587
151566	 ἐρα	3586
151567	χόμενον	3581
151568	 λέγομεν	3580
151569	Μὴ	3578
151570	 Ἐκεῖ	3577
151571	 ἄστ	3575
151572	 ναὸν	3574
151573	 βαρβάρων	3570
151574	πέμ	3568
151575	ἄλλα	3568
151576	σσης	3567
151577	 οἰκίαν	3567
151578	 ἡγεμό	3567
151579	 μέλ	3564
151580	γνωσιν	3563
151581	ἐλ	3563
151582	 πόθεν	3562
151583	 Ἀθην	3560
151584	βαλεῖν	3559
151585	 μερῶν	3556
151586	ιανὸς	3555
151587	 εἶεν	3553
151588	ἐὰν	3552
151589	 τέως	3551
151590	 παλαιο	3550
151591	 εὑρεῖν	3550
151592	 σαρκὶ	3550
151593	 ἔρχεται	3549
151594	 κρίσιν	3543
151595	παντα	3542
151596	πομεν	3541
151597	 πλά	3541
151598	ροῦσι	3539
151599	 ἐλπίδα	3538
151600	 εἰρημένων	3538
151601	 ἀντικ	3537
151602	ούσιον	3536
151603	 οἶδε	3536
151604	 ἐγε	3535
151605	ἀδελ	3535
151606	 ἱκανῶς	3535
151607	 νεν	3532
151608	θυμίας	3531
151609	 ἀσεβ	3531
151610	θά	3530
151611	φεσιν	1210
151612	 κολα	3529
151613	ίνειν	3529
151614	 ἔχοντος	3529
151615	 γενέσθαι	3527
151616	τραν	3523
151617	 γίνεσθαι	3523
151618	 Λόγον	3522
151619	 στρατιωτῶν	3520
151620	 βάρβα	3520
151621	χέως	712
151622	ριστος	3519
151623	 Λό	3518
151624	ππος	3517
151625	έσθω	3517
151626	 ἀμφοτέρων	3516
151627	θόντα	3513
151628	 Οὔ	3512
151629	 Υἱός	3512
151630	 ἀγαθὸς	3510
151631	 βά	3509
151632	ώτατος	3507
151633	 ὁρᾶν	3504
151634	 σοφίαν	3503
151635	 μηδένα	3502
151636	μαρτυ	3501
151637	ρίας	3500
151638	 ἀέ	979
151639	 κακόν	3499
151640	 ἦλθον	3499
151641	ρία	3498
151642	μέναις	3496
151643	 πνεύματι	3496
151644	 ἄμεινον	3494
151645	 ἀ	3493
151646	 ἥκιστα	3493
151647	 τεῖχος	3493
151648	 ἐκείνη	3491
151649	θανεῖν	767
151650	 ἔσονται	3489
151651	 πλήθει	3488
151652	 θεῖα	3487
151653	 κ\xe1\xbe	1238
151654	 δέον	3486
151655	 Ἀντι	3485
151656	 ἀμφοῖν	3485
151657	 ὀξ	3483
151658	 κρατο	3482
151659	μνον	3481
151660	 ἰδίας	3481
151661	ῦμαι	3480
151662	 μακάριος	3480
151663	σηται	3479
151664	 παιδὸς	3479
151665	αἴ	3478
151666	νομένων	3476
151667	 ἐπου	3476
151668	ἐπισ	3474
151669	 ἔνιοι	3473
151670	 νυμφ	3472
151671	 Ἀχιλλ	3471
151672	 οἰκείαν	3471
151673	λείᾳ	3470
151674	ότης	3470
151675	 ἰσ	3470
151676	 Πτολεμα	3469
151677	 λόγου	3469
151678	 Ὅμη	1261
151679	βεβλη	3466
151680	 ὠφέ	3466
151681	 ἑτέρας	3464
151682	 ἐκκλησίας	3463
151683	ρυγ	3461
151684	Ἐπεὶ	3458
151685	 μητρὸς	3457
151686	ώμενος	3456
151687	 ἐπη	3456
151688	ρίαις	3451
151689	ητὸς	3451
151690	ύγχαν	780
151691	ζόντων	3450
151692	ιανοῦ	3448
151693	 ἐπανα	3446
151694	 Οὕτως	3444
151695	 εἰσά	3442
151696	 ὑψ	3440
151697	 Ἑλλά	1115
151698	φην	3436
151699	σσαρα	3433
151700	 ἐπαι	3433
151701	ρεως	3432
151702	 ἑτέρῳ	3432
151703	 οἰκείων	3430
151704	 ἔοικεν	3430
151705	 Καίσαρος	3429
151706	στηκεν	3427
151707	ῖϲ	3427
151708	θένου	3427
151709	κνυ	3420
151710	κῆς	3418
151711	ἐπειδὴ	3418
151712	 ὡρα	3416
151713	 πολί	3415
151714	 πολὺς	3413
151715	 τυχεῖν	3413
151716	βασιν	3411
151717	τικῆς	3411
151718	 ἐνέργ	3411
151719	 δακρύ	3409
151720	 δήπου	3409
151721	 εὐθέως	3408
151722	 κινεῖσθαι	3407
151723	θείη	3406
151724	 Σωτὴρ	3406
151725	 ἀκου	3405
151726	 ἐπίσκοπος	3405
151727	 ἀφι	3403
151728	 λοιπὰ	3403
151729	γγέ	964
151730	 Ἰτα	3401
151731	ῦρο	906
151732	 γρά	3400
151733	 ὠφελ	3398
151734	 ἔθνε	3396
151735	Τού	3395
151736	 ζητοῦ	3394
151737	ζοντα	3393
151738	ετί	3393
151739	 πίστει	3393
151740	 πόρρω	3391
151741	 ὀνο	498
151742	 Οὐδὲ	3390
151743	 ἔγωγ	628
151744	 ἀληθεί	458
151745	σόν	3386
151746	 μόνου	3386
151747	 σφᾶς	3386
151748	 πλήθους	3385
151749	 γνῶ	3384
151750	ἤδη	3384
151751	 πασῶν	3383
151752	νατος	3382
151753	 τυράν	3381
151754	 Ὠ	3380
151755	 θαυμαστ	3380
151756	 ἅρ	3379
151757	 Πυθαγ	3378
151758	 κἀγὼ	3378
151759	αγεῖν	3377
151760	ρῆν	112
151761	 τισ	3375
151762	μένα	3372
151763	σιμον	3371
151764	 ὡσεὶ	3371
151765	 εἰρή	3370
151766	 ὀπίσω	3369
151767	 ἔνδο	3368
151768	κακ	3365
151769	 ξύ	3365
151770	αὐτὸ	3363
151771	 κοινῇ	3361
151772	 ὑπέρ	3356
151773	ίνῳ	3355
151774	 ἀνάγκη	3355
151775	λλυ	3352
151776	 διην	737
151777	πολλο	3351
151778	 υἱοὺς	3351
151779	 μέγα	3349
151780	 ποδῶν	3348
151781	θήκην	3348
151782	 ἡνίκα	3348
151783	 ὁλο	3347
151784	 ῥᾴ	3347
151785	ὼβ	3346
151786	 λί	3345
151787	 σὸν	3343
151788	 δίκαιος	3343
151789	 ἔργῳ	3343
151790	άνδ	3342
151791	θέμενος	3342
151792	 σοφο	3341
151793	 ἐπισκόπ	1049
151794	λήν	3339
151795	σοις	3338
151796	ὺϲ	3338
151797	 ἡδονὴν	3337
151798	 οὐσία	3334
151799	 ἀνελ	3334
151800	θοῦς	3333
151801	 χειροτον	3333
151802	 εὐσε	3333
151803	 προσηγορ	3331
151804	 μακρὰν	3331
151805	γονε	3330
151806	νεί	3329
151807	ημεν	3326
151808	θέσεως	3326
151809	οῦντες	3326
151810	 ὥραν	3324
151811	 οἰκέ	3324
151812	ήρ	3323
151813	 τοὐναντίον	3323
151814	 ἀντιστ	3322
151815	 ἔπεμ	3321
151816	 Ἡρώ	3321
151817	 δικαιοσύνην	3321
151818	λεῖσθαι	3320
151819	τησιν	3319
151820	 Ωσπερ	3318
151821	 ποιήσας	3318
151822	 Μάρτυ	3317
151823	 γέγραπται	3317
151824	 Ἰουδαῖοι	3317
151825	 τεταγ	3316
151826	σσιν	3316
151827	 ἀπολαύ	3316
151828	 ναῦς	3314
151829	έρας	3313
151830	θείσης	3312
151831	 δαιμόνων	3312
151832	 ἀφικ	3312
151833	ροῦσιν	3312
151834	ωσις	3311
151835	έον	3310
151836	πτε	3307
151837	 Δία	3307
151838	κοιν	3307
151839	 μαλακ	3307
151840	ύριον	3305
151841	θέντι	3305
151842	 υἱῶν	3304
151843	 ῥητο	3303
151844	 ὀνόματα	3301
151845	σσε	3298
151846	υτῷ	3298
151847	μὲ	3297
151848	 σιωπ	3297
151849	 κρεῖ	653
151850	έτι	913
151851	 θανάτῳ	3293
151852	σητε	3292
151853	προσε	3292
151854	σχύ	3291
151855	 ποταμὸν	3291
151856	 ἀπι	3290
151857	 φαμεν	3290
151858	 φαῦ	3290
151859	ῆρες	3290
151860	 ἀπολέ	3289
151861	πεῖ	3288
151862	 εἰκό	3287
151863	τήσας	3286
151864	γουσιν	3283
151865	δεικται	3280
151866	 ἕξει	3280
151867	βολῆς	3279
151868	 ἄρτον	3279
151869	κετο	3278
151870	 πάσης	3278
151871	ῶνι	3277
151872	 ἀγῶνα	3277
151873	 ποιεῖται	3277
151874	 ἀμέ	3276
151875	ῶτα	3276
151876	ὴμ	671
151877	 εὐθεῖ	3273
151878	 ἔοικε	3272
151879	 ζητεῖν	3270
151880	ουσῶν	3267
151881	ταξεν	3265
151882	φροσύνην	3265
151883	άσατο	3264
151884	 Οὗ	3264
151885	 ἐχρῆν	3264
151886	 πρόβα	3262
151887	ποντες	3261
151888	 οἴκου	3261
151889	 τροφὴν	3261
151890	 ὁμολογο	3259
151891	ώνων	609
151892	πλῶς	3254
151893	 ἄπο	3253
151894	 εἴδει	3253
151895	 ἐρωτ	3252
151896	 Ποσει	3250
151897	 μείζων	3250
151898	 μνήμην	3249
151899	 ἁγια	3248
151900	 οὐσίας	3248
151901	χρῆμα	617
151902	ττη	3246
151903	 σπέρ	3242
151904	δὰμ	596
151905	κτωρ	3241
151906	 φά	3239
151907	μμέ	3239
151908	Ἀλλ	3238
151909	\xbdνα	1037
151910	 πορευ	3236
151911	ναῖς	3235
151912	 ἄνθρω	3234
151913	 ἀδύνατον	3234
151914	λαῖς	3231
151915	 εἰδό	3231
151916	κελεύ	3229
151917	 βασί	3229
151918	 ἐλευ	3229
151919	μί	3228
151920	 φρονο	3228
151921	 βασιλεύς	3227
151922	θεῖς	3223
151923	 βοῶν	3223
151924	 ἐμὸν	3223
151925	γωνον	3222
151926	 γνώσεως	3222
151927	 ἑτέροις	3222
151928	 ἄγαν	3218
151929	ττονα	3217
151930	 σφίσιν	3217
151931	 ἐνὶ	3217
151932	 ἁγίοις	3216
151933	 τάλ	3215
151934	Αλεξ	3212
151935	ροῦμεν	3212
151936	θεον	3211
151937	 φασὶν	3210
151938	ζευ	3209
151939	μένειν	3209
151940	ρᾶν	3208
151941	 αὐτόν	3208
151942	ἀνθρώπ	3208
151943	τάτω	3206
151944	 φανερὸν	3205
151945	όμην	3204
151946	 ἐ	3203
151947	 κάτω	3202
151948	γόμενος	3200
151949	 Ἰσα	3200
151950	ρέθη	3199
151951	 μακα	3199
151952	 μένειν	3199
151953	 ἕκαστα	3199
151954	 ἠγ	3198
151955	 δεικνύ	3197
151956	 οἰκείας	3196
151957	 λελ	3194
151958	 χάριτι	3194
151959	 Δαρ	3193
151960	Ὀ	3193
151961	 ἐάν	3193
151962	ὰρξ	421
151963	⟩	3193
151964	δεικν	3192
151965	 συνέ	3190
151966	 θυγατέρα	3190
151967	ψύ	3188
151968	οῦν	3187
151969	ττεται	3186
151970	 πότερον	3186
151971	 ἐγέ	687
151972	 ἀδίκ	3184
151973	 ὀφθαλμῶν	3184
151974	 ἐπιτή	3183
151975	δεκά	3182
151976	θίαν	3181
151977	 τει	3180
151978	ρικῆς	3180
151979	 πολλα	3179
151980	 θερμὸν	3177
151981	̔	3175
151982	σίοις	3175
151983	χῇ	3175
151984	 ἀποθαν	3175
151985	φασις	3174
151986	 ἀκη	3174
151987	 λαμβά	3174
151988	 τινά	3173
151989	 μυριά	3173
151990	 μοῦ	3171
151991	θάδε	741
151992	 ἀρκε	3169
151993	 φέρων	3169
151994	 ἔμ	3167
151995	ωσι	3166
151996	 ἔσχε	3165
151997	κείμενον	3165
151998	 δίχα	3162
151999	 παρει	3161
152000	 Κατὰ	3161
152001	εὑ	3159
152002	φῳ	3159
152003	 λευκ	3159
152004	ονεὶ	435
152005	μαθη	3153
152006	 ἁρμον	3152
152007	 φαύ	3151
152008	 Ὄ	3150
152009	βολον	3150
152010	 δεινὸν	3149
152011	 ταπειν	3146
152012	ισμοῦ	3145
152013	φθαλ	921
152014	ρεσις	3144
152015	ώσας	3143
152016	λοιτο	3142
152017	 Ἕλληνες	3142
152018	 παραπλη	3140
152019	 τοσαῦτα	3139
152020	 ἀέρα	3138
152021	 φασὶ	3138
152022	γονεν	3137
152023	ἔστιν	3137
152024	ρίως	3137
152025	 οὐρανοῖς	3137
152026	 ἔγ	3136
152027	 πρέσβ	563
152028	 Ἀντί	3136
152029	ἄλλ	3135
152030	 δύναται	3135
152031	 ἐνέργειαν	3133
152032	 ὀφθαλμοῖς	3130
152033	 πέρι	3129
152034	 θεοὶ	3129
152035	 Ἰωάννου	3129
152036	 θυσίας	3128
152037	 ἐργα	3127
152038	λοὺς	3126
152039	σκη	3126
152040	 καρπὸν	3126
152041	 ἐμὴν	3124
152042	ανθρω	3123
152043	θόμενος	3123
152044	 ἅπασαν	3123
152045	 χιτ	3120
152046	 ἐδε	3120
152047	 ἀνεπ	3120
152048	θύμως	3119
152049	 πλεῖον	3119
152050	 ὑπάρχειν	3119
152051	 ἀπʼ	3118
152052	 δῶρα	3117
152053	 μάλ	3112
152054	 σφοδ	3111
152055	 μέχρι	3111
152056	 ἀκούειν	3111
152057	θήσεται	3111
152058	 τύραν	3110
152059	ξασ	3109
152060	 μικρὰ	3109
152061	 διδά	3108
152062	 στόματος	3108
152063	 δόξαν	3106
152064	 ὑπάρχει	3106
152065	θεο	3105
152066	κίᾳ	3105
152067	 παρθεν	3104
152068	 ἀργυ	3104
152069	πρῶτον	3104
152070	ύτερον	3103
152071	Ἰη	714
152072	ού	3102
152073	λομαι	3102
152074	 ὀκτ	754
152075	 Ἱππο	3101
152076	 λαῷ	3100
152077	στατος	3097
152078	στῆσαι	3096
152079	 ἀπαλλαγ	3096
152080	ναγ	3095
152081	ρεσι	3094
152082	τιοῦν	425
152083	ώνιος	3090
152084	 ὀλίγα	3090
152085	 βουλεύ	3088
152086	 ὅν	3087
152087	τοῦτον	3087
152088	 τοιαύτη	3083
152089	 μάτην	3081
152090	 ἐπικα	3081
152091	έστερον	3081
152092	θέντα	3081
152093	 σημεῖα	3079
152094	 ἂ	3076
152095	 ἐθ	3076
152096	Σω	3074
152097	ῖαι	3074
152098	 γλυκ	3073
152099	νεῖτε	3071
152100	τορος	3070
152101	λέγων	3070
152102	 πατρὶ	3069
152103	 δή	3067
152104	ώμεθα	3067
152105	 ἀπαλλά	3067
152106	 Ἀχαι	854
152107	λὸς	3064
152108	 ἄγγελος	3064
152109	 πολλάκις	3061
152110	 καλοῦ	3061
152111	 ἦλθε	3058
152112	 Λιβύ	3057
152113	λόν	3056
152114	ικόν	3056
152115	ρητον	3056
152116	ῆσαν	3056
152117	 ψυχαῖς	3056
152118	 ἔλα	3055
152119	λεῖται	3054
152120	 Χριστιανῶν	3053
152121	 περιπα	3052
152122	 νύμφ	3051
152123	γγει	3050
152124	 Ἀφρο	542
152125	᾽,	3049
152126	στειλεν	3048
152127	ονος	3046
152128	φίᾳ	3046
152129	θετον	3045
152130	 τῆι	3045
152131	 ἀθρό	3045
152132	 γένεσιν	3045
152133	 οὐκοῦν	3043
152134	 δῆμον	3043
152135	 μέτρον	3042
152136	 Σολο	3042
152137	ήσαντος	3041
152138	ίζουσι	3040
152139	 ἄντ	3040
152140	κτος	3039
152141	διδα	3039
152142	 ἱππε	3039
152143	βαλεν	3038
152144	Πῶς	3037
152145	 ἱππ	3037
152146	 οὐδε	3036
152147	λέγειν	3035
152148	 βασιλεία	3034
152149	 ἐδίδα	3034
152150	φρό	3033
152151	ίαι	3033
152152	ἀντὶ	3033
152153	γῆς	3031
152154	 ἀνι	3031
152155	 ὥρας	3030
152156	ξομεν	3027
152157	 πλή	3024
152158	 στρατιώτας	3024
152159	 ἰδίων	3023
152160	 μείζονα	3023
152161	 ἀδελφὸς	3023
152162	 τοιούτοις	3023
152163	 ἐκτε	3022
152164	μβαν	3020
152165	γενέσθαι	3020
152166	 μοχθη	3019
152167	βολος	3018
152168	 ἀπερ	3017
152169	βασί	740
152170	 οἰκει	3017
152171	Τῆς	3016
152172	κρί	3016
152173	 πρόσθεν	3015
152174	 ἐπέ	3015
152175	 ῥῆμα	3015
152176	 πολέμῳ	3014
152177	 ἐπιεικ	3014
152178	 βλασφημ	3014
152179	 νοεῖν	3011
152180	 ἄλληλα	3011
152181	 ἀποῤῥ	3010
152182	ρίαν	3009
152183	 βίος	3009
152184	 ἐβού	3007
152185	 λαμβάνειν	3006
152186	 φύσεως	3005
152187	τοιοῦ	3004
152188	τεῖς	3004
152189	 σταυροῦ	3003
152190	εσαν	3002
152191	σκεται	3002
152192	βάλλειν	3001
152193	 ἁμαρτιῶν	2999
152194	 οὐσίαν	2999
152195	 ἐγχει	2996
152196	 Οἰ	2995
152197	 σκότος	2994
152198	 ἀριστερ	2993
152199	όντι	2992
152200	χοις	2989
152201	ἣ	2989
152202	 πεπον	2988
152203	 πίστις	2988
152204	 ὀφθαλμοὺς	2988
152205	 στό	2987
152206	 μόνην	2987
152207	 τέλος	2987
152208	 μηδενὶ	2986
152209	 ἄγειν	2985
152210	 ἰχθύ	2985
152211	πόλει	2984
152212	στεύ	2984
152213	 Μωσ	2984
152214	 ξὺν	2984
152215	θῶμεν	2983
152216	λησιν	2983
152217	λαί	2983
152218	δεῖς	2983
152219	ῆρας	2983
152220	σσειν	2983
152221	τέρῳ	2982
152222	γάρ	2980
152223	γῃ	2980
152224	 ἐπιτρέ	2980
152225	γυμ	2979
152226	ήσῃ	2979
152227	 Πατέρων	2979
152228	 ἑστ	2979
152229	 φρονεῖν	2979
152230	Τοῦτο	2979
152231	γραψεν	2976
152232	 ἐξι	2975
152233	 ἔρ	2975
152234	 ἐπιστρέ	2974
152235	 ἐλλ	2972
152236	ίζουσιν	2971
152237	 ηὐ	2969
152238	 ἁγν	2967
152239	βόντες	413
152240	οῦσα	2967
152241	 σωτηρ	2966
152242	 οἴκῳ	2966
152243	πτῳ	2965
152244	 ἰσο	2965
152245	 ἀνάγκης	2965
152246	 ὑπή	2964
152247	 ἵππων	2964
152248	γορευ	2963
152249	 Ην	2962
152250	ικαὶ	2962
152251	 διαφερ	2960
152252	 καθὰ	2959
152253	 ἔξε	2959
152254	ούσας	2957
152255	ἧ	2957
152256	 ἠξί	2955
152257	τταν	2954
152258	πονη	2954
152259	ὃς	2953
152260	 ἐρεῖ	2952
152261	λοῦντες	2950
152262	νουσι	2949
152263	 ἐναντίων	2949
152264	 ὄφ	2948
152265	ώσεως	2948
152266	 ἐχού	2946
152267	 οἴνου	2946
152268	πετο	2943
152269	έραν	2943
152270	γενῆ	2942
152271	έβη	2941
152272	 ἡδ	2941
152273	ής	2941
152274	 ἀγάπην	2941
152275	 ἀρετῶν	2938
152276	 προνο	2937
152277	 συνεχῶς	2937
152278	 θησαυ	2937
152279	 Τῆς	2936
152280	ώτερος	2934
152281	 ἔλαβεν	2933
152282	 ἐλέγχ	2933
152283	 σφίσι	2931
152284	ήσαντες	2929
152285	 ἀληθείᾳ	2929
152286	 ἄρχειν	2928
152287	θας	2927
152288	 χαλεπ	2926
152289	κἀ	2925
152290	 φωνὴ	2925
152291	 ἀνομ	2924
152292	 εἰσέ	2924
152293	τάτην	2923
152294	 ἁπλο	2923
152295	 Ἕλληνας	2923
152296	ναί	2922
152297	πρὸ	2921
152298	νησεν	2918
152299	 ἐκείνῃ	2918
152300	ήλ	2917
152301	 λέγοι	2916
152302	 Βοι	2915
152303	 ἐσχ	2914
152304	 σωφρον	2914
152305	ἔσται	2914
152306	νί	2913
152307	 ἐξετά	2913
152308	 ὑπάρ	2913
152309	 ἱερεῖς	2910
152310	μεγ	2909
152311	 ἱστορία	2909
152312	 δυνά	2908
152313	ρούμενος	2906
152314	 δῆμος	2905
152315	ωτῶν	2904
152316	 αἰων	2904
152317	 ἐπιδεί	2904
152318	βὰς	2902
152319	ύνῃ	2902
152320	 σπέρμα	2902
152321	 διδάσκει	2902
152322	 φησίν	2902
152323	ρῴ	2900
152324	ἀρ	2899
152325	 ἐσθῆ	2899
152326	πεσ	2898
152327	άνουσιν	2896
152328	 προφήτου	2896
152329	 ἐστε	2895
152330	ματον	2894
152331	 γʼ	2893
152332	 ἐρχ	2893
152333	 ὀνομάτων	2893
152334	 ἠρε	2892
152335	 Ἱερουσαλήμ	2892
152336	ρήσας	2891
152337	δέως	2891
152338	 λευκὸν	2889
152339	χθεὶς	2888
152340	 περιε	2888
152341	χοντες	2888
152342	 προσήκει	2887
152343	όντος	2886
152344	 πάντως	2886
152345	μὶ	2884
152346	δάτων	263
152347	 μετʼ	2883
152348	ψάμενος	2882
152349	 συνι	2881
152350	 οἵτινες	2881
152351	 συνετ	2877
152352	ΐδ	382
152353	 ἔνε	2877
152354	 διαφέ	2877
152355	 ἀγχ	2876
152356	 ταῦτά	2876
152357	άσασθαι	2875
152358	 ἦτο	2873
152359	βραάμ	2871
152360	 Ἀμήν	2871
152361	σία	2869
152362	 ἠξ	2868
152363	 εἰπών	2867
152364	άκις	2865
152365	 εἶδε	2864
152366	 γίγνεσθαι	2864
152367	 ὀργὴν	2864
152368	 πολεμίοις	2863
152369	εσθε	2862
152370	Ει	2861
152371	 κρά	2860
152372	 δόξα	2859
152373	κρισιν	2858
152374	 ἐδή	2857
152375	 ὅσῳ	2857
152376	 βουλῆς	2857
152377	ωθῆναι	2854
152378	ώτερον	2852
152379	 ὅρα	2851
152380	 δεσπο	2850
152381	θάπερ	2850
152382	ξάμενοι	2850
152383	 ψιλ	2849
152384	τὴς	2846
152385	θίας	2846
152386	 Οὐχ	2846
152387	 ἑτέρους	2846
152388	 Ἰων	2845
152389	τάτων	2844
152390	 πάσχ	2844
152391	 λεγομένων	2843
152392	Κύριος	2843
152393	Ἐπὶ	2842
152394	 σπουδῆς	2840
152395	 εἰπόντος	2839
152396	 φάναι	2838
152397	ἀπό	2838
152398	 σπεύ	2836
152399	 ἐπηγ	2836
152400	 ἐπισκόπου	2834
152401	δεται	2833
152402	αγγέλιον	2832
152403	ποιεῖτο	2830
152404	πάν	2829
152405	μαχος	2829
152406	 Δέ	2829
152407	 ἑβ	2829
152408	ἀνθ	2829
152409	 θεός	2828
152410	 Διό	2828
152411	ᾶτο	2828
152412	ῶσα	2827
152413	Πνεύ	2826
152414	 παραδό	2825
152415	ότατον	2825
152416	 σφῶν	2823
152417	βεβη	2822
152418	νεῦ	2822
152419	 γενομένου	2822
152420	 πλουσ	2821
152421	 προφητ	2821
152422	 αὐτοκράτο	2821
152423	 διηγή	2819
152424	ύς	2818
152425	 ἀρχο	2818
152426	 ἐμοί	2818
152427	 ἀμφότερα	2817
152428	σμὸς	2816
152429	 ὁρῶντες	2816
152430	ομένοις	2813
152431	ποιεῖν	2813
152432	 εὐχαριστ	2813
152433	 ἐνθυ	2811
152434	 ἄρχων	2811
152435	 ἐνεργείας	2811
152436	πισθεν	443
152437	 ἀκοῦσαι	2809
152438	 αἰτία	2809
152439	 προτά	2808
152440	 ταχέως	2808
152441	νομένων	2806
152442	μάτιον	2805
152443	 συνελ	2804
152444	 ὄρη	2802
152445	εντα	2801
152446	χόντων	2800
152447	 θερμα	2800
152448	 ἐγέν	2800
152449	δαιμόν	561
152450	 ἔσχεν	2800
152451	τικῶν	2799
152452	 Ῥώμην	2797
152453	 πολιτείαν	2796
152454	σόμενον	2795
152455	 εἶδεν	2795
152456	άνουσι	2795
152457	 χρόνον	2795
152458	 δαιμον	2794
152459	σχεν	2793
152460	 κινεῖται	2792
152461	 φημι	2792
152462	 λέγω	2792
152463	 ἔχουσαν	2792
152464	 ἐῤῥ	2791
152465	ὸϲ	2789
152466	 ἔτυχ	2789
152467	 ναοῦ	2788
152468	ρησις	2786
152469	 Ἐξ	2785
152470	 ἐναντία	2785
152471	 ἐνώπιον	2785
152472	 καλόν	2784
152473	 γυναιξ	2784
152474	 ἅπασιν	2782
152475	ἐς	2782
152476	τορα	2781
152477	τίς	2781
152478	 ῥύ	2781
152479	 ἀποφα	2780
152480	 χάριν	2780
152481	νοῦν	2778
152482	λίον	2778
152483	 ἑταί	2778
152484	 δογμάτων	2778
152485	 Ξενο	2776
152486	 Ὀδυσ	2775
152487	Ἐπειδὴ	2775
152488	 φεύγει	2774
152489	ζομένους	2774
152490	 ἄχ	2774
152491	 Ῥωμαίους	2774
152492	 σὰρξ	2772
152493	 μέμνη	2768
152494	κοντες	2767
152495	 ἄνε	2767
152496	πνον	2765
152497	λευσεν	2765
152498	πλά	2765
152499	 ὁρισμ	2765
152500	 ὠνόμα	2765
152501	 τύπον	2764
152502	 ἐμπε	2763
152503	 μῦ	2762
152504	στάσει	2762
152505	 οὐδα	2762
152506	 ἐμῆς	2762
152507	θανεν	2761
152508	 τῷδε	2761
152509	 ἀλλα	2760
152510	 ἔννοιαν	2760
152511	 ἔγωγε	2760
152512	λλοι	2759
152513	 ἀδ	2759
152514	 αὐτό	2759
152515	 ἐποίει	2759
152516	 ἐλεύθερ	2758
152517	Ἀλλὰ	2757
152518	συμβ	2756
152519	 ψῆ	2754
152520	 ἡγου	2754
152521	 Φιλίπ	2754
152522	ἱερ	2754
152523	στικὸν	2754
152524	 ἀνεῖ	2754
152525	 λέγεσθαι	2753
152526	 ἀσύ	2753
152527	 μέλλοντα	2753
152528	χρό	2752
152529	 πρώτῳ	2752
152530	 ἐσο	2752
152531	εῖτο	2752
152532	 αἰτίαν	2752
152533	τάτου	2751
152534	χομένων	2751
152535	 γάμον	2751
152536	 πρός	2751
152537	 κακίαν	2750
152538	 ἔπα	2749
152539	 ἀφαιρε	2749
152540	ματί	2747
152541	 Συρα	2747
152542	 μικροῦ	2746
152543	 ἕτεροι	2746
152544	γιοι	2745
152545	 ἐμφαν	2745
152546	χρυ	2742
152547	Δόξα	2742
152548	γωγῆς	2742
152549	σίῳ	2741
152550	 ζωὴ	2741
152551	 ἀνάγκην	2741
152552	 πεντήκοντα	2741
152553	 ἐπιλ	2739
152554	 Μωυσ	2738
152555	 αἰχμαλω	2738
152556	βαλον	2736
152557	θόντος	2735
152558	 θυσίαν	2735
152559	δέχεται	2735
152560	 μίαν	2734
152561	λοῖς	2734
152562	φαῖς	2734
152563	 στρατόπεδον	2733
152564	ἔχειν	2733
152565	λομεν	2732
152566	 εἰδω	2731
152567	 δυοῖν	2730
152568	ίστων	2730
152569	᾿Αλλὰ	2730
152570	 προεί	2729
152571	 πυν	2726
152572	 πατρίδος	2726
152573	ὑμῶν	2726
152574	ττονος	2725
152575	 ἀποθανεῖν	2723
152576	ἐστὶν	2722
152577	 ἀκριβε	2721
152578	χοντο	2720
152579	θήσεσθαι	2719
152580	ᾶτε	2719
152581	 οἱονεὶ	2719
152582	 δεῖται	2719
152583	 πολιτῶν	2718
152584	 παιδε	2718
152585	 στρά	279
152586	 ἐποί	2715
152587	 Πνεύματος	2715
152588	ὅπερ	2714
152589	ιστῶν	2713
152590	 ἁρπά	2713
152591	φρων	2712
152592	εὶς	2710
152593	 ὑμνο	2710
152594	τότε	2709
152595	 Κωνσταντινου	2709
152596	Ἕ	2709
152597	 εἰδώ	2709
152598	 τόπον	2709
152599	ρίων	2707
152600	 ἱερὰ	2706
152601	έχθη	2705
152602	 ἀσε	2705
152603	 μυστήριον	2704
152604	 κίνδυνον	2704
152605	 Ἀχ	2703
152606	 ἐπιβουλ	2703
152607	 ἐκκλησια	2702
152608	 τοιγαροῦν	2701
152609	ῖσαρ	217
152610	 αὐχ	2699
152611	 ἵππον	2699
152612	 δίκαι	2698
152613	 φί	2697
152614	 παραδεί	2697
152615	 ἐπερ	2697
152616	 ἔστ	2697
152617	 ἀλλ̓	2697
152618	σὺ	2696
152619	 πένη	2696
152620	 βουλευ	2696
152621	Χο	424
152622	ασάμενος	2692
152623	 φθορᾶς	2692
152624	 Ἰούδα	2691
152625	τιοι	2690
152626	έντος	2690
152627	 ταύτῃ	2690
152628	πτος	2689
152629	 προστ	2689
152630	 μανθ	2687
152631	 δῆθεν	2687
152632	 κατει	2686
152633	 πορεύ	2686
152634	ῖνα	2686
152635	οὐδ	2686
152636	ομένη	2685
152637	ιστευ	374
152638	θοῦσα	2685
152639	ὤ	2683
152640	 ᾽	2682
152641	 γένη	2680
152642	γκεῖν	2678
152643	 ἄθ	2677
152644	 γνη	2676
152645	θεσι	2676
152646	στολοι	2676
152647	ένων	2676
152648	 νύκτα	2676
152649	 τύχης	2673
152650	ἀκού	2673
152651	 ἄλλοτε	2673
152652	θεος	2671
152653	δειαν	2671
152654	μισυ	378
152655	λατταν	292
152656	 ἐτύγχαν	2671
152657	χθησαν	2670
152658	 διδόναι	2670
152659	 γέρων	2669
152660	 γενομένων	2669
152661	 φλογ	2668
152662	 ὁτιοῦν	2668
152663	 Ἑλλάδα	2668
152664	 κἀκεί	2668
152665	ρεῖς	2667
152666	ρυς	2667
152667	 διαβόλου	2666
152668	 θαῦμα	2665
152669	πτέον	2664
152670	 νοερ	2664
152671	 ἑαυτόν	2663
152672	λού	2662
152673	νεγκεν	2662
152674	φανον	2659
152675	 γνῶναι	2658
152676	 ῥέ	2657
152677	 συνά	2656
152678	τόλ	2656
152679	 φόβῳ	2656
152680	 πρεσβύτερ	2655
152681	 ἐγεί	2654
152682	ϲε	2654
152683	 εἰρημένον	2654
152684	 ἐφα	2652
152685	 καίπερ	2652
152686	θεικ	2651
152687	 μαθητῶν	2650
152688	 ὀφει	2649
152689	 ἀμυ	2648
152690	 Ἀριστοτέ	2648
152691	 αἰώνων	2647
152692	 ἑρμην	2647
152693	ρμη	2646
152694	 τισι	2646
152695	 λυτ	2646
152696	ράν	2646
152697	κοσίων	2645
152698	φέρειν	2645
152699	 Ἀδὰμ	2645
152700	 Ἐκκλησίαν	2645
152701	ἐπε	2645
152702	 ἴδια	2644
152703	κέναι	2644
152704	ϊα	2643
152705	δύο	2643
152706	ργυ	2642
152707	᾿Α	2641
152708	 κρεῖττον	2641
152709	 νίκην	2640
152710	 ἔλαβε	2640
152711	 γενέσεως	2640
152712	σκεσθαι	2639
152713	λειν	2639
152714	 αἶ	2637
152715	 Λέγει	2637
152716	γόν	2636
152717	σὺν	2634
152718	 ταὐτὰ	2634
152719	 ἀδελφοῦ	2634
152720	 κραυγ	2633
152721	 χεῖρον	2633
152722	διά	2632
152723	 δὶς	2631
152724	 καθὸ	2631
152725	 πολλῇ	2631
152726	 φύσεις	2631
152727	 παραχρῆμα	2630
152728	 ἑρμηνε	2630
152729	 ὀψ	2629
152730	 καλεῖν	2628
152731	 δικαίων	2628
152732	ἄρ	2628
152733	 Μακεδόν	2628
152734	Θεὸς	2627
152735	 γάμ	2626
152736	 τάξει	2625
152737	 τοσαύτην	2624
152738	.Στί	2622
152739	μίων	2621
152740	 ὁρατ	2621
152741	 ὑδάτων	2621
152742	άνεσθαι	2620
152743	υψο	300
152744	ῦντι	2619
152745	 ἐγκατα	2619
152746	ίνουσι	2618
152747	 ἀλήθεια	2617
152748	ινον	2616
152749	σμένον	2616
152750	μιμ	2615
152751	 διηνεκ	2615
152752	θέγ	2613
152753	λοῦσι	2613
152754	ρείᾳ	2612
152755	 τέχνην	2612
152756	ενεχ	2610
152757	ιμεν	2610
152758	 γενόμενοι	2610
152759	κόν	2608
152760	 μν	2607
152761	μηδὲ	2607
152762	 ἐκείνων	2606
152763	στευ	2605
152764	αλὴμ	2605
152765	χῳ	2604
152766	 ἀποδε	2604
152767	 Αἰγυπτίων	2604
152768	τίαν	2603
152769	Πνεῦμα	2603
152770	οῦς	2603
152771	 ἠθέ	2603
152772	 εὐσεβε	2602
152773	δάμ	2601
152774	νασθαι	2600
152775	ζουσα	2600
152776	 αὑτὸ	2599
152777	 λεγόμενα	2598
152778	 αὐτόθι	2597
152779	ηθῆναι	2596
152780	μένος	2596
152781	στῃ	2593
152782	 σιτ	2592
152783	ούμεθα	2592
152784	ύων	2592
152785	μνων	2590
152786	 ἀγγελ	2590
152787	 ἴσ	2589
152788	 ἓξ	2589
152789	φῇ	2588
152790	ὣς	2588
152791	μαρτύ	2588
152792	 εὐθύ	2588
152793	 λά	2587
152794	μονι	2584
152795	 ἐκρά	2584
152796	ισται	2583
152797	 καρδία	2583
152798	 ἔρημον	2583
152799	 μνή	2582
152800	λόγον	2582
152801	 τοὔνομα	2581
152802	 δικαιοσύ	2580
152803	 πάντη	2580
152804	μεῖσθαι	2579
152805	λαδὴ	2578
152806	 αἰώνιον	2578
152807	ιλα	2576
152808	 ἀπαθ	2576
152809	 μετέ	2576
152810	 ἰσχὺν	2576
152811	 κιβ	2573
152812	 πρέσβεις	2573
152813	 Τοὺς	2572
152814	πτως	2572
152815	 φιλάν	2572
152816	 μέχρις	2568
152817	 Ἰωσ	2568
152818	 κύριον	2568
152819	μμένον	2568
152820	ίῃ	2567
152821	 κινήσεως	2567
152822	 ἤλ	2566
152823	 σῶν	2565
152824	 Λουκ	2565
152825	ἀπέ	2565
152826	τρῳ	2564
152827	 παντοδα	2564
152828	 ἐκείνου	2564
152829	 κίνησιν	2563
152830	φθαι	2561
152831	ληφό	2561
152832	ίσμα	2561
152833	 ἀρκ	2561
152834	 ἐρῶ	2560
152835	θωμεν	2559
152836	 ὑπάρχων	2559
152837	 ἐφε	2558
152838	δῶ	2557
152839	μφα	2557
152840	 ἐπίκ	2557
152841	 ἐπαινε	2556
152842	 γένο	2556
152843	 κελεύει	2555
152844	ἄρα	2555
152845	 λαβόντες	2554
152846	 ἡμετέραν	2554
152847	 Ἰακώβ	2554
152848	χεῖς	2553
152849	 παρόντων	2552
152850	δειξις	2551
152851	 μέλλ	2549
152852	Σα	2549
152853	 ἄξιος	2548
152854	ύσας	2548
152855	 δοξά	2548
152856	 ἀπαν	2546
152857	ουμένους	2545
152858	στὸς	2544
152859	όλῳ	2544
152860	 σοφὸς	2544
152861	είμενον	2543
152862	 ῥυ	2542
152863	ίνεσθαι	2541
152864	δέχεσθαι	2539
152865	πρό	2538
152866	 παρή	2538
152867	 προσέ	2538
152868	 ἔπαι	2538
152869	πύ	2537
152870	θόντων	2537
152871	 εἶνε	2537
152872	κεῖσθαι	2537
152873	 ἐστίν	2537
152874	 φησί	2537
152875	ειῶν	2536
152876	 αἰδο	2536
152877	λῆ	2535
152878	 ὅλα	2535
152879	 Μωϋσῆς	2535
152880	 δυνάμεως	2535
152881	 γέλ	2534
152882	 διότι	2534
152883	σμοῖς	2533
152884	ἡμεῖς	2532
152885	 προα	2531
152886	 γυνή	2531
152887	σκομεν	2530
152888	υγχ	2529
152889	 οὐδεμίαν	2529
152890	 ἐπισκοπ	2529
152891	 ἐξω	2528
152892	 ἐξαν	2527
152893	 ἀνεκ	2527
152894	 ἁπάντων	2527
152895	 φιλίαν	2526
152896	 προσαγορεύ	2526
152897	 ἔνθεν	2526
152898	ἅμα	2526
152899	 τυγχάνει	2526
152900	ύων	2523
152901	 ὀξύ	2523
152902	αίρεσιν	2522
152903	κοσίους	2521
152904	 ἀέρος	2521
152905	 ὀνόματος	2520
152906	 χρεία	2517
152907	 ἐπιθυμίας	2517
152908	εύων	2516
152909	μιᾶς	2516
152910	 τοιούτου	2516
152911	κρατες	258
152912	 Δανι	2515
152913	 Νῦν	2513
152914	 ἐπάνω	2513
152915	 διατρί	2512
152916	 ἔχθ	2512
152917	ιζόμενος	2511
152918	έντων	2511
152919	 ἀνθρώπου	2511
152920	αράκοντα	2510
152921	λοῦσιν	2510
152922	ουμένη	2509
152923	ίο	2509
152924	σχετο	2508
152925	 ἐκκλησίαν	2508
152926	 ἵππους	2508
152927	 Ἀφροδί	2508
152928	 θᾶ	2507
152929	 πεπραγ	2507
152930	 ἀποστ	2506
152931	 στὰ	2505
152932	 παρόντα	2505
152933	 Ἰουδαίοις	2505
152934	 οὐδέποτε	2505
152935	 διαφορὰν	2504
152936	 κηδε	2504
152937	 αἰτι	2504
152938	 προαι	2503
152939	 πλείονα	2502
152940	 ὁπότε	2501
152941	δύνατο	2501
152942	 οὔθ	2501
152943	 οἰκουμένης	2501
152944	 χερσὶν	2500
152945	 στοιχεῖα	2500
152946	 ἐγένετο	2499
152947	μῇ	2498
152948	 Χριστόν	2498
152949	 ἄδικ	2498
152950	 κύριος	2498
152951	πόντες	2497
152952	ίνους	2497
152953	 νομί	2497
152954	 ἑώρα	2497
152955	 βέλτιον	2497
152956	 ἡμετέρας	2497
152957	 ἐπά	2496
152958	κουσα	2495
152959	 Δαυΐδ	2495
152960	 δεῦρο	2494
152961	δίους	2494
152962	ῶντας	2494
152963	 ἔνι	2494
152964	 ἀποστα	2493
152965	 ἀναί	2493
152966	 λέγοντα	2492
152967	κράτους	2492
152968	 ἡμέρας	2492
152969	φνης	2491
152970	 Ἀλέξανδρος	2491
152971	 Ἁγίου	2490
152972	λάτων	2489
152973	 δοκ	2489
152974	 ὅπλων	2489
152975	 φερο	2488
152976	 ἐσμεν	2488
152977	 Ἐπι	2488
152978	ήθη	2488
152979	 φύσις	2488
152980	όνῳ	2487
152981	 τέλειον	2486
152982	 ζῶον	2486
152983	 Αὐτὸς	2485
152984	ώς	2484
152985	 Καῖσαρ	2483
152986	χὴ	2481
152987	ήνων	2481
152988	 ἱστορίας	2481
152989	 ἐποιήσατο	2481
152990	πλοις	2480
152991	ώτατα	2480
152992	 ἀγκ	2478
152993	βαίνειν	2478
152994	 δοῦλος	2478
152995	ἐστὶ	2478
152996	 Λατ	2477
152997	 ἐκε	2477
152998	ἀρετ	2477
152999	 πολλὴ	2476
153000	 Ἀγ	2476
153001	 κεκτη	2475
153002	 Ἀλκ	2475
153003	λαμβάνειν	2473
153004	 ἀναχω	2473
153005	 πλειόνων	2473
153006	σσυ	2472
153007	ίσῃ	2471
153008	 ἀθλη	2471
153009	 θυμῷ	2471
153010	 ἔδωκε	2470
153011	 ληφ	2470
153012	 Ἰορ	2470
153013	 οἰκή	2470
153014	σίς	2469
153015	 ἀγαθοῖς	2469
153016	 ἐφί	2468
153017	 πλέον	2467
153018	 τἀν	2466
153019	έγνω	2466
153020	 Σκυ	2465
153021	 ὄρει	2465
153022	οῦσι	2465
153023	 ἀδιά	2464
153024	σασθε	2464
153025	 ἀθαν	2463
153026	 Γραφή	2463
153027	 ἄριστον	2463
153028	όθεν	2462
153029	 Λακεδαιμονίων	2461
153030	 βούλεσ	2460
153031	 ζωήν	2459
153032	 ὑπερβολὴν	2459
153033	 Ἡσα	2458
153034	είν	2457
153035	κλησίας	2457
153036	τέρωθεν	2457
153037	 παιδίον	2457
153038	 ἀρχήν	2457
153039	ττῃ	2456
153040	 Εὐλογ	2456
153041	 ἄγγελοι	2456
153042	πτισμα	2455
153043	 πάρε	2453
153044	 οἰκουμένην	2453
153045	 τόπων	2452
153046	θαί	2451
153047	 χρόνῳ	2451
153048	ἀμφ	2449
153049	πλε	2448
153050	 θέλημα	2448
153051	 τιμωρίαν	2448
153052	"«.
"	2447
153053	πολλὰ	2447
153054	σσῃ	2447
153055	 νυνὶ	2447
153056	δή	2445
153057	 τριή	2445
153058	 ἀφαι	2445
153059	 βούλει	2445
153060	ψυχον	2445
153061	 ὀλίγων	2445
153062	 ἐτί	2444
153063	 παραπλή	2444
153064	τικῶς	2444
153065	 τέκνον	2444
153066	 ταύταις	2443
153067	γαγεῖν	2443
153068	χας	2441
153069	μεινεν	2441
153070	 ἐνόμ	2440
153071	Θεὸν	2440
153072	 φθό	2439
153073	δεσθαι	2439
153074	κύ	2438
153075	 χαρακτ	2438
153076	 φιλονε	2438
153077	 Ἀγγέ	2438
153078	 οἶκος	2438
153079	λαμπ	2437
153080	 στράτευμα	2437
153081	μιος	2436
153082	 Σκύ	2435
153083	ίωνος	2435
153084	 δόξης	2435
153085	 ἀξίωμα	2435
153086	ωθεν	2434
153087	 γνώμῃ	2434
153088	 παντάπασιν	2434
153089	 ἀνάστασιν	2433
153090	εἶπεν	2433
153091	 χάρι	2433
153092	 σφυγ	2432
153093	 ἐπιστα	2432
153094	 ὀνομά	2432
153095	 συμβεβηκὸς	2432
153096	 πόνων	2431
153097	 Οθεν	2431
153098	ῖρα	2431
153099	 εὐπο	2431
153100	 εἴρηκεν	2431
153101	 ἐνθάδε	2430
153102	ήμερον	2430
153103	 τοῖϲ	2430
153104	 εἴδω	2429
153105	μησιν	2428
153106	 ἀθανά	2428
153107	Ἰουδα	2428
153108	 ἐτελεύ	2428
153109	 χρυσοῦ	2427
153110	 μαθὼν	2426
153111	 ἀη	2426
153112	βειν	2426
153113	 θυμὸν	2426
153114	 Παρθένε	2426
153115	 Κῦρος	2426
153116	σοφ	2425
153117	κοντος	2425
153118	γεγον	2424
153119	πνεύ	2423
153120	 φό	2423
153121	ταύτην	2422
153122	ττό	2420
153123	 φαίνεται	2420
153124	 ὄγκ	2420
153125	 σῇ	2418
153126	γαλμα	173
153127	 ὄμμα	2418
153128	 εἴς	2418
153129	 εἴσω	2418
153130	 ὁπλ	2417
153131	 τοιά	2416
153132	ττοντες	2416
153133	 αἰχμαλώ	2416
153134	 τιμωρίας	2415
153135	νεκα	2414
153136	 ἐλατ	2414
153137	 διαφθεί	2414
153138	 ὄρους	2414
153139	 φανερῶς	2414
153140	 εὑρί	2414
153141	ἆλλα	118
153142	 τελειο	2412
153143	άσεως	2412
153144	 Ἰταλ	2412
153145	 τοιούτους	2412
153146	 ζώ	2411
153147	 ἀναστάσεως	2411
153148	 αἴτιος	2409
153149	 Ἰωάννην	2409
153150	κιος	2408
153151	 βραχὺ	2408
153152	κὴν	2406
153153	 κἀν	2405
153154	 λαγ	2404
153155	 ταχὺ	2404
153156	 μὰ	2403
153157	ξομαι	2403
153158	 ἑτέρα	2402
153159	 γυναικὶ	2400
153160	δοσιν	2399
153161	 μεγί	2399
153162	 παρεσκευ	2399
153163	 ὕπαρ	2399
153164	ῖσαι	2397
153165	 ἐμαυτοῦ	2396
153166	ἀναγκα	2395
153167	 λυπη	2394
153168	ήματι	2394
153169	 ἴση	2394
153170	 χαίρειν	2394
153171	 ἱερω	2394
153172	 μήτ	2393
153173	 πανταχόθεν	2393
153174	 ἐκέλευσεν	2393
153175	ράτωρ	2392
153176	 ἀγο	2392
153177	 γραμμάτων	2391
153178	 κτίσεως	2391
153179	 εἴδους	2391
153180	Ἰησοῦ	2389
153181	οἷς	2386
153182	βιος	2386
153183	 Ζεὺς	2386
153184	 μάχαι	2386
153185	 ὑγρὸν	2386
153186	στειλε	2384
153187	 ῥήματα	2384
153188	αντία	2383
153189	 δυνάμενος	2382
153190	 οὐκέτι	2381
153191	φημ	2380
153192	 ἐπιθυμ	2380
153193	 ἁγίαν	2380
153194	 διψ	2379
153195	 θάλατταν	2379
153196	 ἐπινο	2378
153197	τρω	2376
153198	 ἔθνους	2376
153199	ἑαυτοῦ	2376
153200	υσον	2375
153201	άμην	2374
153202	νείας	2374
153203	 ἄκρα	2374
153204	 ζῇ	2373
153205	ένα	2371
153206	 ἡμέρᾳ	2371
153207	 ἐμφα	2370
153208	 ἁπάσης	2370
153209	 ὑψηλ	2369
153210	 προστι	2368
153211	σμῷ	2367
153212	 ὄπισθεν	2367
153213	φν	2366
153214	 πατέρων	2366
153215	θήσομαι	2366
153216	 ἀνήρ	2366
153217	 θερά	2365
153218	κτως	2365
153219	 ἐφό	2365
153220	 χρόνοις	2365
153221	αρε	2364
153222	θῶ	2363
153223	θητε	2363
153224	 ἀγγε	2363
153225	 ἐδεί	2363
153226	θὲς	2362
153227	τικοῦ	2362
153228	 ῥᾷ	2362
153229	ρικὸν	2361
153230	 ἄρχοντες	2360
153231	νδ	2359
153232	ουμένοις	2359
153233	 κακοῖς	2359
153234	 φημὶ	2359
153235	εἰπεῖν	2359
153236	ξεσι	2358
153237	ἀπα	2358
153238	 ἄρχοντα	2358
153239	 μετανο	2357
153240	 θαυ	2357
153241	ῆρι	2356
153242	 συγγνώ	2356
153243	γρά	2354
153244	 ἀπολύ	2354
153245	Τῇ	2353
153246	 ἐνεδ	2353
153247	 Πλὴν	2352
153248	 ἀφελ	2350
153249	ρικὴν	2350
153250	 ἀρχόντων	2350
153251	 ἱερεὺς	2350
153252	 ἐξουσίας	2350
153253	 νέον	2348
153254	 δίκαια	2348
153255	λοντι	2347
153256	 ἐγίνετο	2347
153257	 ὀκτὼ	2347
153258	 πρακτ	2346
153259	ίστασθαι	2345
153260	 ὑπόστασιν	2345
153261	δεῖξαι	2345
153262	 ἐποίη	2344
153263	 συλλογισμ	2344
153264	 σχήματι	2344
153265	τέρων	2344
153266	 στέ	2343
153267	εἰρη	2343
153268	τάτη	2342
153269	ψαντος	2342
153270	 Υἱόν	2342
153271	 πάσχειν	2341
153272	 ἀμφισ	2340
153273	 προθυ	2339
153274	κεινα	2339
153275	 ἐχθροὺς	2339
153276	βοῦς	2338
153277	 ὑγια	2338
153278	 εὐδο	2337
153279	ἐπί	2337
153280	 Ἀμφ	2336
153281	 ϲυ	2336
153282	 σὰν	2335
153283	 πρατ	2335
153284	 ιβ	2335
153285	 εἰδότες	2335
153286	ἕκα	2334
153287	 μάχῃ	2334
153288	θήκας	2333
153289	 ὦτα	2332
153290	 ἡλικίαν	2332
153291	ητοῦ	2331
153292	 Ῥώμης	2331
153293	ασίαν	2330
153294	 ὁδῷ	2330
153295	 πρεσβύ	2330
153296	 ὠδ	2330
153297	θέντος	2330
153298	 νυκτὶ	2330
153299	ῶϲ	2329
153300	 ἄκρον	2329
153301	 ὀρθο	2329
153302	μεῖον	2328
153303	άρους	2328
153304	 λυσι	2328
153305	θῶσιν	2327
153306	 ἀρετῇ	2326
153307	σασαν	2323
153308	 φρικ	2323
153309	Εἴ	2323
153310	 ἐπιμ	2323
153311	 κίνησις	2323
153312	 Ἑλλάδος	2323
153313	 τίκ	2322
153314	 χρώμενος	2322
153315	 Χριστια	2321
153316	 γελ	2320
153317	 ἄφεσιν	2320
153318	γίνεται	2319
153319	 Τιβ	2319
153320	σειεν	2319
153321	 ὑπερυψο	2319
153322	 κοινὴν	2318
153323	 αἰσθητῶν	2318
153324	 κέ	2317
153325	 τὰν	2317
153326	σθαί	2317
153327	 ἐνδέχεται	2316
153328	 φεύγ	2315
153329	 παραιν	2315
153330	ρούμενον	2315
153331	 χώ	2313
153332	νεσις	2313
153333	 ἔργου	2312
153334	χουσι	2312
153335	 ὑπερη	2312
153336	 διάκο	2311
153337	 πεπιστευ	2311
153338	τιδος	2310
153339	 εὐτυ	2310
153340	 ἐπιδημ	2310
153341	 Ἀλεξάνδρου	2310
153342	 ἀριθμὸς	2309
153343	διὸ	2308
153344	νὰ	2307
153345	 νέ	2307
153346	 γνωρί	2307
153347	φοις	2306
153348	 κόλα	2306
153349	οϲ	2305
153350	 Πάλιν	2303
153351	 περιέχ	2303
153352	 πατρός	2303
153353	Αβραὰμ	2302
153354	 ὄψεως	2302
153355	ρὼν	2300
153356	 κτί	2299
153357	λεύσεται	2298
153358	 ἐπό	2298
153359	 ἔδω	2298
153360	γένηται	2298
153361	γωγὴν	2297
153362	κουσαν	2297
153363	ίκα	2297
153364	 ἀφθαρ	2297
153365	 τἆλλα	2296
153366	τέων	2296
153367	ῶντα	2296
153368	Κατὰ	2296
153369	 τύχῃ	2296
153370	 ἁμαρτία	2295
153371	σταυ	2294
153372	κλῆς	2294
153373	ῆτε	2293
153374	 Χριστὲ	2293
153375	 Γραφῆς	2293
153376	 ἥμισυ	2293
153377	 ἀρετὴ	2292
153378	 ἑκάτερον	2292
153379	 ναυτ	2291
153380	 πιστῶν	2291
153381	 ἐπισκόπων	2291
153382	 ἁγία	2290
153383	 οἴδα	2289
153384	μεις	2288
153385	 ὑπέ	2288
153386	 τέκνων	2288
153387	νοῦντες	2288
153388	 θέλων	2287
153389	Οὗτος	2286
153390	Ὥ	2285
153391	 θρόνον	2285
153392	 τἀ	2283
153393	 συνεκ	2283
153394	 ἄλλαι	2283
153395	 ἀγάπη	2283
153396	 Φαρα	2282
153397	 ζητεῖ	2282
153398	 θαυμαστὸν	2282
153399	όντως	2281
153400	στήσας	2281
153401	σάμην	2280
153402	ἃ	2280
153403	φή	2279
153404	 ἐχρή	2279
153405	 θυμοῦ	2279
153406	 εὐσέβειαν	2279
153407	φροσ	2278
153408	 νόμοις	2278
153409	 ἀποστολικ	2278
153410	 ἐβασί	2277
153411	 πιστεύειν	2277
153412	 ἀκουσ	2277
153413	 ἄξια	2276
153414	 γίγ	2276
153415	 τέχν	2275
153416	 ἀκά	2275
153417	ὅπως	2275
153418	 Αἱ	2274
153419	 θείᾳ	2274
153420	ξεσιν	2274
153421	μιοι	2274
153422	κῃ	2273
153423	 ἐπειδή	2273
153424	 πώποτε	2273
153425	 ἀνεξ	2273
153426	 γιγνό	2273
153427	 γινόμενον	2273
153428	σῶμα	2272
153429	Κυρίου	2272
153430	 Αἰγύπ	2272
153431	ίσατο	2271
153432	 ἰδιώ	2271
153433	Χορός	2271
153434	 ἀσω	2270
153435	 εὑρίσκ	2270
153436	 ᾔδει	2270
153437	 ἡλικίας	2270
153438	πτεσθαι	2269
153439	 ἐπικου	2269
153440	 ἤγουν	2267
153441	 ἐμπει	2266
153442	 χερσὶ	2266
153443	 ἠπεί	2266
153444	 μέσον	2266
153445	Θεῷ	2265
153446	 ἔτους	2264
153447	 θαλάττης	2264
153448	ρίζειν	2263
153449	ᾶσιν	2263
153450	 ἀνακ	2263
153451	 εἰρημένα	2262
153452	μήσας	2261
153453	 γινώ	2261
153454	 ἱκέ	2260
153455	 πῆ	2259
153456	ὶμ	2259
153457	 ἑκουσ	2259
153458	θῇς	2259
153459	 ἀκρό	2259
153460	ίς	2258
153461	 εἴπῃ	2258
153462	 Σώκρατες	2257
153463	 πατήρ	2256
153464	έρου	2256
153465	 ἀφέ	2255
153466	 αὐξ	2255
153467	 ὄρ	2255
153468	 οἶδ	2255
153469	Ἔτι	2255
153470	 τυγχά	2254
153471	ίειν	2253
153472	νητος	2253
153473	ὴφ	2253
153474	 ἐναντι	2253
153475	μβολον	2253
153476	 Σίμων	2253
153477	ρυν	2252
153478	 μία	2252
153479	 ὅλος	2250
153480	 πεπλη	2250
153481	 ἤρξατο	2250
153482	 λέγε	2249
153483	ζομένου	2248
153484	 κᾀ	2248
153485	θεῖσιν	2247
153486	μένας	2247
153487	 ἀρέ	2245
153488	 ἄγαλμα	2245
153489	 πύλας	2245
153490	αιρέσεως	2245
153491	 Ἰουδαίους	2245
153492	 τάχιστα	2245
153493	ήσωμεν	2244
153494	 καλούμενον	2243
153495	υτόν	2243
153496	 ἀκόλου	2243
153497	 ἔλαιον	2243
153498	 ἀριθμῷ	2243
153499	 κίνησιν	2243
153500	ῆι	2242
153501	 ναῷ	2241
153502	πὸς	2240
153503	φορὰν	2240
153504	 ἑτοί	2240
153505	ξαντος	2239
153506	 Λακεδαιμόν	2239
153507	μήκοντα	2238
153508	 ἐθα	2238
153509	πρεπ	2238
153510	 ἵππου	2238
153511	Ἐγὼ	2235
153512	 ἐγγύ	2234
153513	 φάλα	2234
153514	 ἱεροῦ	2234
153515	πλή	2233
153516	ύνειν	2233
153517	 ἀτε	2233
153518	ικήν	2232
153519	 Τοῖς	2232
153520	 περιέ	2232
153521	σάμενον	2232
153522	 ἀμοιβ	2232
153523	 μαθηταῖς	2232
153524	λιοι	2231
153525	 πίστει	2230
153526	 ἀνθρωπό	2230
153527	 γυναικός	2229
153528	 φυλῆς	2229
153529	 ἀμπ	2228
153530	 ποιήσασθαι	2228
153531	στικῶς	2227
153532	 ἔμελλεν	2227
153533	πέων	2226
153534	ρικῶν	2226
153535	ότερον	2226
153536	 ὥρα	2225
153537	 οὐσία	2225
153538	μελῶς	2224
153539	 οἷόν	2223
153540	ὀφθαλ	2223
153541	ρτη	2222
153542	κότι	2222
153543	 κρατεῖν	2222
153544	 Ἀριστ	2222
153545	τικὴ	2222
153546	 ἀποκτεί	2222
153547	 δάκρυ	2222
153548	 Ῥω	2222
153549	 ἐπίσκοπον	2222
153550	όντες	2221
153551	 ἀντικει	2221
153552	 τᾶς	2220
153553	 μόνοις	2220
153554	 ἀπολα	2220
153555	 πεῖραν	2219
153556	 ἄγει	2219
153557	 ὄψει	2219
153558	ττους	2218
153559	 ἀπεκρί	2218
153560	 ἀσθέν	2218
153561	ἄνθρωπος	2218
153562	αινεν	2217
153563	 δν	2216
153564	φάνης	2216
153565	Οὕτω	2215
153566	 τοιοῦτοι	2215
153567	 Χερ	2214
153568	ήτων	2213
153569	αὐτ	2213
153570	 διέ	2212
153571	 ἀπί	2212
153572	 ἰέναι	2212
153573	 Ἱερε	2212
153574	 ἠγά	2212
153575	λλεσθαι	2212
153576	 ᾅδου	2212
153577	 Ἀχαιῶν	2211
153578	ότ	2209
153579	 μεσημβ	2209
153580	ριπί	2208
153581	κού	2207
153582	 Ὅμηρος	2206
153583	καλυ	2205
153584	καλεῖτο	2205
153585	 δίκας	2204
153586	 Φαρισα	2204
153587	 δυσχερ	2204
153588	 αἵματι	2204
153589	ΕΡΩ	2203
153590	 αἰτί	2203
153591	ᾶσα	2202
153592	ήματος	2202
153593	ρθο	2200
153594	σθέντες	2200
153595	σμόν	2200
153596	 Ἵνα	2200
153597	 ἐλπίδος	2200
153598	σκεν	2199
153599	οῦσιν	2199
